product,day,n,mse,mae,ic,rank_ic,sign_acc,pseudo_sharpe
GALAXY_SOUNDS_BLACK_HOLES,2,23,0.00022833979164715856,0.012514298781752586,0.5334608656197207,0.5039525691699606,0.7391304347826086,19.364289775926697
GALAXY_SOUNDS_BLACK_HOLES,3,25,0.002637970494106412,0.04832405596971512,-0.2769223836585022,-0.26153846153846155,0.08,-37.12396435911587
GALAXY_SOUNDS_BLACK_HOLES,4,21,0.004127094056457281,0.05676696449518204,0.0014596965550825799,0.06103896103896104,0.23809523809523808,-27.6610367363938
GALAXY_SOUNDS_DARK_MATTER,2,20,0.0011483533307909966,0.02861972153186798,0.19135338502792415,0.07518796992481201,0.3,-14.131649011494721
GALAXY_SOUNDS_DARK_MATTER,3,20,0.000609539623837918,0.019560977816581726,0.5312145435023593,0.5729323308270676,0.6,4.290039885993754
GALAXY_SOUNDS_DARK_MATTER,4,24,0.000793015060480684,0.024469291791319847,0.46397521398611574,0.40956521739130425,0.6666666666666666,10.99939837159781
GALAXY_SOUNDS_PLANETARY_RINGS,2,19,0.0026817878242582083,0.04790741577744484,-0.22496124126990932,-0.2210526315789474,0.15789473684210525,-26.313409605930936
GALAXY_SOUNDS_PLANETARY_RINGS,3,24,0.0006131519330665469,0.018296336755156517,0.22149234882704133,0.1678260869565217,0.6666666666666666,21.815508762501985
GALAXY_SOUNDS_PLANETARY_RINGS,4,22,0.0007451964193023741,0.021477600559592247,-0.3992687235633134,-0.2693393562958781,0.5909090909090909,-6.051437625491949
GALAXY_SOUNDS_SOLAR_FLAMES,2,22,0.002192416228353977,0.04358173906803131,-0.535161347317119,-0.6228119706380577,0.2727272727272727,-15.167870160567672
GALAXY_SOUNDS_SOLAR_FLAMES,3,24,0.00042766527622006834,0.01600669138133526,-0.025724432957981554,-0.07565217391304348,0.625,11.692354619331912
GALAXY_SOUNDS_SOLAR_FLAMES,4,24,0.00038654718082398176,0.016367599368095398,-0.07401683023245156,-0.3869565217391304,0.75,33.01294323602641
GALAXY_SOUNDS_SOLAR_WINDS,2,24,0.00037306701415218413,0.015998071059584618,0.060659744294878304,0.06956521739130435,0.5833333333333334,10.718769398010654
GALAXY_SOUNDS_SOLAR_WINDS,3,24,0.0005985169555060565,0.021319329738616943,-0.287248232936855,-0.27391304347826084,0.5833333333333334,12.780110787472085
GALAXY_SOUNDS_SOLAR_WINDS,4,23,0.0003035917761735618,0.014548937790095806,0.2961199323413034,0.2766798418972332,0.782608695652174,25.477645667062923
MICROCHIP_CIRCLE,2,23,0.0008143196464516222,0.02211540937423706,-0.3921843452119336,-0.29249011857707513,0.6086956521739131,2.1915211961662386
MICROCHIP_CIRCLE,3,24,0.00039162414032034576,0.01606384478509426,-0.11515699326013777,-0.13304347826086957,0.20833333333333334,-21.881558179620786
MICROCHIP_CIRCLE,4,24,0.00046841418952681124,0.017315799370408058,-0.10410258313567362,0.05217391304347826,0.4166666666666667,-0.562320186048661
MICROCHIP_OVAL,2,23,0.0008791813161224127,0.024988427758216858,-0.347878190538865,-0.3853754940711462,0.8695652173913043,24.03110462439298
MICROCHIP_OVAL,3,26,0.00265113590285182,0.04645394906401634,0.2049767650087344,0.24649572649572649,0.5384615384615384,12.123229901274005
MICROCHIP_OVAL,4,24,0.0007339748553931713,0.021604904904961586,-0.4645784049628463,-0.41478260869565214,0.5,-6.393751612758073
MICROCHIP_RECTANGLE,2,27,0.0014162170700728893,0.03201623633503914,0.1842447994434806,0.15995115995115994,0.37037037037037035,-3.4432476057193715
MICROCHIP_RECTANGLE,3,22,0.0017584816087037325,0.03520574793219566,0.16702171647707673,0.1959345002823264,0.45454545454545453,-2.3459797051634426
MICROCHIP_RECTANGLE,4,21,0.002444372046738863,0.04094871133565903,0.31460060474287466,0.24545454545454545,0.38095238095238093,-2.441741652934217
MICROCHIP_SQUARE,2,23,0.0011802645167335868,0.03278828412294388,0.2324120664052598,0.45553359683794475,0.34782608695652173,2.149684275478973
MICROCHIP_SQUARE,3,23,0.0008508313330821693,0.023256724700331688,0.4667825739835011,0.5108695652173914,0.6521739130434783,13.130180049172752
MICROCHIP_SQUARE,4,19,0.0008046494331210852,0.023125354200601578,0.09528283367537603,-0.031578947368421054,0.7894736842105263,23.523702906752817
MICROCHIP_TRIANGLE,2,23,0.0033003250136971474,0.05005154758691788,0.04382500277477769,0.023715415019762844,0.6521739130434783,5.5942793236121
MICROCHIP_TRIANGLE,3,21,0.0028397217392921448,0.046177949756383896,-0.08328997962315504,0.09678467545206278,0.7619047619047619,24.530801016504306
MICROCHIP_TRIANGLE,4,25,0.0009375066147185862,0.024456363171339035,0.28544330731857187,0.19384615384615386,0.6,4.497717540369342
OXYGEN_SHAKE_CHOCOLATE,2,20,0.0003321610565762967,0.013469976373016834,-0.43470906281046695,-0.3684210526315789,0.7,5.763032643962222
OXYGEN_SHAKE_CHOCOLATE,3,21,0.0007682411815039814,0.023440124467015266,0.3234285482809923,0.20129870129870128,0.42857142857142855,-0.4333383284525669
OXYGEN_SHAKE_CHOCOLATE,4,23,0.0005414593615569174,0.01906679943203926,-0.28627532960907653,-0.35079051383399207,0.34782608695652173,-8.808733610677942
OXYGEN_SHAKE_EVENING_BREATH,2,23,0.00024746180861257017,0.012520557269454002,-0.1196174015933543,-0.1116600790513834,0.782608695652174,19.709138905765297
OXYGEN_SHAKE_EVENING_BREATH,3,22,0.0016007027588784695,0.03155544772744179,0.7826934438580593,0.7526821005081875,0.6363636363636364,8.630612985644122
OXYGEN_SHAKE_EVENING_BREATH,4,23,0.0007116918568499386,0.02089114859700203,0.23883516296547094,0.1432806324110672,0.782608695652174,13.020406490920074
OXYGEN_SHAKE_GARLIC,2,22,0.0002915983786806464,0.014748969115316868,0.6115001064853447,0.611518915866742,0.6363636363636364,17.897772940704243
OXYGEN_SHAKE_GARLIC,3,23,0.00020070571918040514,0.011465406976640224,-0.04647546939962183,-0.20454545454545459,0.6956521739130435,13.689405170128165
OXYGEN_SHAKE_GARLIC,4,26,0.0012954937992617488,0.030780743807554245,0.5606790050193408,0.5357264957264957,0.3076923076923077,-12.288237524912486
OXYGEN_SHAKE_MINT,2,24,0.000448278384283185,0.017115144059062004,0.25609057984346345,0.2504347826086956,0.5833333333333334,7.295439154048442
OXYGEN_SHAKE_MINT,3,22,0.000946235319133848,0.027149857953190804,0.012766460685030909,-0.08639186900056467,0.4090909090909091,-0.054956795211065425
OXYGEN_SHAKE_MINT,4,20,0.0016346201300621033,0.033199429512023926,-0.395433830007704,-0.45112781954887216,0.45,-8.659518323131289
OXYGEN_SHAKE_MORNING_BREATH,2,24,0.0005263309576548636,0.018479755148291588,0.466402720603662,0.5165217391304348,0.75,14.632226577697224
OXYGEN_SHAKE_MORNING_BREATH,3,26,0.00155396678019315,0.0353940948843956,0.09956333240821952,0.16034188034188035,0.15384615384615385,-26.47649561034812
OXYGEN_SHAKE_MORNING_BREATH,4,23,0.0004987446591258049,0.016333280131220818,0.3266044612333714,0.34683794466403167,0.6086956521739131,7.688129911228787
PANEL_1X2,2,19,0.0007599202217534184,0.02404976822435856,0.5725739538364489,0.5842105263157895,0.47368421052631576,-2.251415824305406
PANEL_1X2,3,23,0.00034062814665958285,0.014569179154932499,0.24319338451405537,0.28260869565217395,0.782608695652174,19.78900060895928
PANEL_1X2,4,23,0.0007710371282882988,0.025499623268842697,0.26674817271832635,0.366600790513834,0.6086956521739131,15.564517248052576
PANEL_1X4,2,20,0.0016687944298610091,0.03688953071832657,0.3153356110204438,0.312781954887218,0.3,-8.919752121844466
PANEL_1X4,3,26,0.0015119460877031088,0.03443940356373787,0.4509837625730877,0.4858119658119658,0.5384615384615384,3.986487663201515
PANEL_1X4,4,25,0.0005706555675715208,0.018934370949864388,0.08028567356509254,0.09153846153846153,0.52,-0.42940697260085936
PANEL_2X2,2,21,0.000659966841340065,0.02156023308634758,0.051374947013083594,-0.01818181818181818,0.2857142857142857,-10.195423612697184
PANEL_2X2,3,21,0.0005594681133516133,0.0206980612128973,0.7141480446371744,0.464935064935065,0.8571428571428571,25.853216201205484
PANEL_2X2,4,25,0.00092737638624385,0.02122369222342968,-0.16028054918921586,-0.09076923076923075,0.48,-5.138967717594991
PANEL_2X4,2,21,0.0012844125740230083,0.03106108494102955,0.5535465657083066,0.5428571428571428,0.5238095238095238,3.252932850668712
PANEL_2X4,3,23,0.00013153238978702575,0.008667991496622562,0.20172452196604085,0.17490118577075098,0.6956521739130435,9.08969714769009
PANEL_2X4,4,22,0.0008794087334536016,0.022210104390978813,-0.27798613185626037,-0.15415019762845852,0.5,-3.47978146051246
PANEL_4X4,2,23,0.00042202393524348736,0.01495381910353899,0.20164326176447242,0.28952569169960474,0.8695652173913043,25.809707877041532
PANEL_4X4,3,21,0.001527919783256948,0.034754786640405655,0.29237814535951817,0.4194805194805195,0.2857142857142857,-6.417113564144379
PANEL_4X4,4,26,0.00226368079893291,0.04305136203765869,-0.5895754946990721,-0.6075213675213674,0.23076923076923078,-18.663412385693828
PEBBLES_L,2,18,0.004916816018521786,0.06645869463682175,0.4952398672863891,0.5232198142414861,0.3888888888888889,-3.0698140365519397
PEBBLES_L,3,22,0.001648268080316484,0.037031594663858414,0.7246004749253329,0.6194240542066629,0.22727272727272727,-22.495865634380525
PEBBLES_L,4,22,0.0003575797891244292,0.015029525384306908,0.4465990768941623,0.4263128176171655,0.9545454545454546,42.147007263599235
PEBBLES_M,2,21,0.001479757484048605,0.03360508009791374,0.008190006423118668,-0.006493506493506493,0.38095238095238093,-1.1681662490606852
PEBBLES_M,3,23,0.002255704952403903,0.043196436017751694,0.4151134867510296,0.35375494071146246,0.30434782608695654,-26.576189856402785
PEBBLES_M,4,21,0.0017664547776803374,0.03569726645946503,-0.07382780006197744,0.07532467532467534,0.5714285714285714,9.729909235866078
PEBBLES_S,2,22,0.0010699537815526128,0.02636575698852539,-0.0008468706957954536,-0.025409373235460195,0.5454545454545454,12.347624888929111
PEBBLES_S,3,22,0.0007295848336070776,0.01994328200817108,0.4278867247773699,0.5482778091473745,0.7727272727272727,19.452452421789225
PEBBLES_S,4,24,0.0033758366480469704,0.052238766103982925,0.45370891266431235,0.4356521739130434,0.75,21.91877105680178
PEBBLES_XL,2,24,0.0012742978287860751,0.02434382401406765,0.34929034972667944,0.4382608695652173,0.75,14.535503820315801
PEBBLES_XL,3,20,0.0019146110862493515,0.034390635788440704,-0.20073720884718624,-0.27518796992481204,0.55,-2.989563815690483
PEBBLES_XL,4,17,0.001840243930928409,0.03520423173904419,-0.04368426864720647,-0.09068627450980393,0.47058823529411764,0.04846406698490909
PEBBLES_XS,2,24,0.005279517266899347,0.06251532584428787,-0.335626980058674,-0.3773429434628448,0.2916666666666667,-12.722400010309155
PEBBLES_XS,3,25,0.004183848854154348,0.05722636729478836,0.11560323760006058,0.03307692307692307,0.28,-12.765505915930934
PEBBLES_XS,4,23,0.008006016723811626,0.07373122870922089,-0.03469834849873439,-0.18073708393526727,0.391304347826087,-9.908408718637498
ROBOT_DISHES,2,25,0.0004530129081103951,0.015499617904424667,0.016053078399648885,0.1453846153846154,0.6,3.5786282244264926
ROBOT_DISHES,3,22,0.0015162131749093533,0.0328807607293129,-0.6271382415009278,-0.6420101637492943,0.4090909090909091,-12.777731146209815
ROBOT_DISHES,4,23,0.0007963431417010725,0.023338768631219864,0.4073495711535851,0.27205273867209945,0.43478260869565216,-5.166027301651602
ROBOT_IRONING,2,22,0.0003620498755481094,0.014056850224733353,0.22175242703616263,0.2241671372106155,0.5909090909090909,8.017103770943448
ROBOT_IRONING,3,23,0.0003549706016201526,0.01606564410030842,0.2933805687495666,0.3379446640316206,0.9565217391304348,52.59340810610741
ROBOT_IRONING,4,23,0.0004694215895142406,0.02026580460369587,0.1520577802572814,0.1632452398505748,0.2608695652173913,-14.652936524920351
ROBOT_LAUNDRY,2,22,0.0003480449959170073,0.01567072980105877,-0.19272207676273131,-0.23433088650479958,0.36363636363636365,-0.07926296424767158
ROBOT_LAUNDRY,3,21,0.000767697871197015,0.022514328360557556,-0.5742760684090265,-0.5337662337662338,0.7142857142857143,4.5971455493322875
ROBOT_LAUNDRY,4,19,0.0011457782238721848,0.024411849677562714,-0.19097618274063535,-0.08070175438596491,0.47368421052631576,-2.0913842425935734
ROBOT_MOPPING,2,23,0.0005623544566333294,0.018467752262949944,-0.004879178049164248,0.1956521739130435,0.782608695652174,19.75523137897525
ROBOT_MOPPING,3,23,0.000589667703025043,0.020099591463804245,-0.11472541506961456,-0.06027667984189724,0.4782608695652174,-2.9012951462073575
ROBOT_MOPPING,4,22,0.0005072201602160931,0.018626270815730095,0.26030182830957643,0.2783738001129306,0.7272727272727273,21.883092459214833
ROBOT_VACUUMING,2,24,0.00026870236615650356,0.013699717819690704,-0.09687136665623391,-0.13652173913043478,0.5,0.3212465342845469
ROBOT_VACUUMING,3,22,0.0005633692489936948,0.019334832206368446,-0.3478907469306689,-0.3190287972896669,0.7272727272727273,12.398649109753109
ROBOT_VACUUMING,4,22,0.0004942031227983534,0.01840650849044323,0.33933672758038075,0.19141727837380013,0.5454545454545454,11.767299653826779
SLEEP_POD_COTTON,2,27,0.0009592112037353218,0.023977773264050484,0.10936618459509205,0.29609279609279604,0.7777777777777778,16.151585585424826
SLEEP_POD_COTTON,3,20,0.0007582387188449502,0.021067913621664047,0.27210739669631945,0.24962406015037594,0.6,2.6095367553621953
SLEEP_POD_COTTON,4,23,0.0007482076180167496,0.0201332438737154,-0.45234913769708046,-0.3942687747035573,0.8260869565217391,37.558802568387804
SLEEP_POD_LAMB_WOOL,2,21,0.0004018489271402359,0.01608489826321602,0.20532935351595727,0.15584415584415584,0.6666666666666666,9.025124521802173
SLEEP_POD_LAMB_WOOL,3,24,0.0012942395405843854,0.03217087313532829,0.26812526966117156,0.25913043478260867,0.20833333333333334,-32.954550137962926
SLEEP_POD_LAMB_WOOL,4,24,0.00017736559675540775,0.01013021171092987,0.2668672403177486,0.2860869565217391,0.5833333333333334,9.306322724427906
SLEEP_POD_NYLON,2,24,0.0008354642777703702,0.023695699870586395,-0.3418913424891694,-0.37739130434782603,0.25,-12.494875205374047
SLEEP_POD_NYLON,3,26,0.0003215144097339362,0.012636015191674232,-0.16737295831978966,-0.09333333333333332,0.5769230769230769,-0.7471949280285406
SLEEP_POD_NYLON,4,26,0.001179395359940827,0.02593349665403366,0.056907532976502424,0.1904273504273504,0.46153846153846156,-4.049658421217105
SLEEP_POD_POLYESTER,2,22,0.0009925580816343427,0.029033726081252098,0.6061712119697229,0.5776397515527951,0.6363636363636364,14.535731888904106
SLEEP_POD_POLYESTER,3,25,0.0024445210583508015,0.04748265817761421,0.6794872399103254,0.7223076923076923,0.08,-44.805265406746074
SLEEP_POD_POLYESTER,4,23,0.0005340532516129315,0.02015678584575653,-0.1256885842182253,-0.2509881422924901,0.4782608695652174,8.419316862901608
SLEEP_POD_SUEDE,2,21,0.0017325837397947907,0.03380279988050461,0.16833924603901412,0.2831168831168831,0.42857142857142855,-18.430188693347652
SLEEP_POD_SUEDE,3,24,0.0003640789072960615,0.016750097274780273,0.23599051582724173,0.14608695652173911,0.5416666666666666,4.683948265554635
SLEEP_POD_SUEDE,4,23,0.000650067871902138,0.022486191242933273,0.42339388846031123,0.39328063241106714,0.5652173913043478,5.3644323657778905
SNACKPACK_CHOCOLATE,2,25,0.00020144406880717725,0.010693731717765331,0.13094033381423403,0.19153846153846155,0.68,15.603899604119016
SNACKPACK_CHOCOLATE,3,22,0.00012435883400030434,0.008569042198359966,0.3730621292411361,0.3088650479954828,0.6818181818181818,14.463302205905872
SNACKPACK_CHOCOLATE,4,23,0.00012918983702547848,0.008424020372331142,0.43076747246125846,0.47727272727272735,0.782608695652174,10.675868000172603
SNACKPACK_PISTACHIO,2,21,9.006291656987742e-05,0.007758317980915308,0.4114545389063163,0.32727272727272727,0.6190476190476191,5.548205699045809
SNACKPACK_PISTACHIO,3,22,0.00027031611534766853,0.01203824020922184,0.14168771152066495,0.2636928289102203,0.7272727272727273,14.944087753831566
SNACKPACK_PISTACHIO,4,25,0.000292407552478835,0.013549257069826126,-0.05613041579714778,-0.16076923076923075,0.48,-3.225753342116804
SNACKPACK_RASPBERRY,2,24,0.0003710580349434167,0.014973574317991734,-0.07781932709396858,0.050434782608695654,0.75,6.977148234345054
SNACKPACK_RASPBERRY,3,24,0.0003263634571339935,0.014193872921168804,0.37890898676150414,0.4556521739130434,0.75,15.546123799135453
SNACKPACK_RASPBERRY,4,20,0.00015267673006746918,0.01040483545511961,-0.14873386838016223,-0.07969924812030074,0.45,-8.683208240917308
SNACKPACK_STRAWBERRY,2,21,0.0007074081222526729,0.02157713659107685,0.4504459092401244,0.42207792207792205,0.5714285714285714,-1.9231622183866608
SNACKPACK_STRAWBERRY,3,23,0.000222858099732548,0.012446189299225807,0.5604193207569165,0.5444664031620554,0.8260869565217391,26.377902125083292
SNACKPACK_STRAWBERRY,4,22,0.00019383248582016677,0.01103727426379919,-0.12940286749412608,-0.1507622811970638,0.45454545454545453,-10.589109578262859
SNACKPACK_VANILLA,2,23,0.00026378242182545364,0.014263167046010494,0.7112847343567128,0.599802371541502,0.34782608695652173,-5.129004795771587
SNACKPACK_VANILLA,3,21,0.00012879338464699686,0.009420596063137054,0.3801908870212396,0.38311688311688313,0.8095238095238095,26.185647844599856
SNACKPACK_VANILLA,4,21,0.00013313085946720093,0.010253115557134151,0.3579815132171603,0.3181818181818181,0.5238095238095238,4.206723226416609
TRANSLATOR_ASTRO_BLACK,2,22,0.0005280268378555775,0.018553657457232475,0.5601579767576966,0.3867871259175608,0.6818181818181818,17.324651657209355
TRANSLATOR_ASTRO_BLACK,3,20,0.0033624053467065096,0.055141933262348175,0.5067273168630491,0.4857142857142857,0.15,-46.49991680052609
TRANSLATOR_ASTRO_BLACK,4,21,0.0004169030871707946,0.0167513620108366,-0.05881192011815331,-0.022077922077922082,0.42857142857142855,-7.289040039525346
TRANSLATOR_ECLIPSE_CHARCOAL,2,27,0.001097838394343853,0.027695300057530403,0.6267081179606151,0.6849816849816849,0.5555555555555556,7.039301636819012
TRANSLATOR_ECLIPSE_CHARCOAL,3,23,0.0008932724595069885,0.023520832881331444,0.10545389795245722,0.11067193675889328,0.4782608695652174,-3.544420527869285
TRANSLATOR_ECLIPSE_CHARCOAL,4,19,0.00027810316532850266,0.014199837110936642,-0.13992305855986673,-0.20350877192982456,0.3157894736842105,-8.997312405647374
TRANSLATOR_GRAPHITE_MIST,2,25,0.0010065860114991665,0.02924637869000435,-0.11601779334463219,-0.15000000000000002,0.32,-9.835538919809766
TRANSLATOR_GRAPHITE_MIST,3,23,0.003843439044430852,0.05699465051293373,0.28627600617892296,0.34980237154150196,0.21739130434782608,-34.293606790152886
TRANSLATOR_GRAPHITE_MIST,4,26,0.0008206609054468572,0.02486802265048027,-0.47328539661475794,-0.47008547008547,0.4230769230769231,-4.713970385178751
TRANSLATOR_SPACE_GRAY,2,24,0.002954244613647461,0.04673993960022926,-0.4761059050768025,-0.4130434782608695,0.08333333333333333,-23.32590524016852
TRANSLATOR_SPACE_GRAY,3,20,0.0005089819896966219,0.01833100989460945,-0.3811407827010176,-0.3609022556390977,0.65,3.088953184933922
TRANSLATOR_SPACE_GRAY,4,22,0.0007515912875533104,0.022415602579712868,-0.003502704100109201,0.051383399209486175,0.5454545454545454,-4.5213608077622975
TRANSLATOR_VOID_BLUE,2,22,0.0016251533525064588,0.036548539996147156,0.007870057333552833,-0.11123658949745907,0.045454545454545456,-33.03621000176222
TRANSLATOR_VOID_BLUE,3,24,0.001841121818870306,0.03955036774277687,-0.3198826335440729,-0.17043478260869566,0.5,16.32823695868523
TRANSLATOR_VOID_BLUE,4,25,0.00025679642567411065,0.011477570980787277,0.6922541542591072,0.7207692307692307,0.76,23.27502332660417
UV_VISOR_AMBER,2,21,0.0019351756200194359,0.04072916507720947,-0.773131125686845,-0.8012987012987013,0.38095238095238093,-9.6141267300141
UV_VISOR_AMBER,3,21,0.00025091151474043727,0.013497084379196167,0.32304904058884576,0.18961038961038962,0.7142857142857143,19.925519450135514
UV_VISOR_AMBER,4,25,0.0003926573263015598,0.014907697215676308,0.37077040861343813,0.48538461538461536,0.8,26.422605453255386
UV_VISOR_MAGENTA,2,20,0.0005151384393684566,0.02084188535809517,0.26096580506866335,0.20902255639097742,0.5,11.181939003570264
UV_VISOR_MAGENTA,3,23,0.00020092302293051034,0.012160793878138065,-0.2933723995482808,-0.3112648221343874,0.782608695652174,28.642287701092208
UV_VISOR_MAGENTA,4,28,0.0008104963344521821,0.02382749691605568,0.2876207181912827,0.3333333333333333,0.25,-18.260660222526948
UV_VISOR_ORANGE,2,26,0.0009756818762980402,0.026578323915600777,0.5138968808371868,0.5186324786324785,0.46153846153846156,4.679901932976592
UV_VISOR_ORANGE,3,22,0.0008143392042256892,0.023241238668560982,0.11073592902282856,0.016374929418407683,0.45454545454545453,-7.579015584288172
UV_VISOR_ORANGE,4,23,0.0006098237936384976,0.019798409193754196,-0.009333275309696614,-0.11067193675889328,0.9565217391304348,66.72541241453514
UV_VISOR_RED,2,20,0.0009685303084552288,0.026709187775850296,0.08829210572491844,0.0706766917293233,0.5,4.270625311806267
UV_VISOR_RED,3,25,0.0014241699827834964,0.03150409460067749,-0.174266686616611,-0.30000000000000004,0.64,1.528952024919149
UV_VISOR_RED,4,19,0.0004886403330601752,0.019570350646972656,0.1367570127936281,0.14736842105263157,0.631578947368421,15.383833207480784
UV_VISOR_YELLOW,2,24,0.0007339318399317563,0.023341253399848938,-0.06830589314444217,-0.07304347826086956,0.4166666666666667,-5.4245892256719985
UV_VISOR_YELLOW,3,22,0.0016600153176113963,0.036946412175893784,0.5550020921881272,0.5527950310559007,0.09090909090909091,-37.24110490974366
UV_VISOR_YELLOW,4,21,0.001112389494664967,0.028720948845148087,-0.2544764017825348,-0.3766233766233766,0.3333333333333333,-10.568155541104316
