job_id,symbol,lane,experiment_type,priority,target_positives,target_rate,days_with_target,n_top_rules,best_score,best_f1,best_stability
73,INTARIAN_PEPPER_ROOT,p3_seeded,timestamp_window_search,high,3,0.00010015691249624411,3,25,0.7881790124581521,0.8571428571428571,0.7317540486252117
74,INTARIAN_PEPPER_ROOT,p3_seeded,timestamp_window_search,high,3,0.00010015691249624411,3,25,0.7881790124581521,0.8571428571428571,0.7317540486252117
43,INTARIAN_PEPPER_ROOT,p3_seeded,timestamp_window_search,high,3,0.00010015691249624411,3,25,0.5628990300385999,0.6,0.5325436909792725
44,INTARIAN_PEPPER_ROOT,p3_seeded,timestamp_window_search,high,3,0.00010015691249624411,3,25,0.5628990300385999,0.6,0.5325436909792725
379,INTARIAN_PEPPER_ROOT,no_prior,timestamp_window_search,medium,3,0.00010015691249624411,3,25,0.5628990300385999,0.6,0.5325436909792725
380,INTARIAN_PEPPER_ROOT,no_prior,timestamp_window_search,medium,3,0.00010015691249624411,3,25,0.5628990300385999,0.6,0.5325436909792725
103,INTARIAN_PEPPER_ROOT,p3_seeded,timestamp_window_search,high,3,0.00010015691249624411,3,25,0.4940929935163053,0.5454545454545454,0.45206990556683607
104,INTARIAN_PEPPER_ROOT,p3_seeded,timestamp_window_search,high,3,0.00010015691249624411,3,25,0.4940929935163053,0.5454545454545454,0.45206990556683607
37,INTARIAN_PEPPER_ROOT,p3_seeded,timestamp_window_search,high,3,0.00010015691249624411,3,25,0.4673941802315993,0.8,0.19526214587563495
373,INTARIAN_PEPPER_ROOT,no_prior,timestamp_window_search,medium,3,0.00010015691249624411,3,25,0.4673941802315993,0.8,0.19526214587563495
61,INTARIAN_PEPPER_ROOT,p3_seeded,timestamp_window_search,high,3,0.00010015691249624411,3,25,0.45172530872070654,0.5,0.41222783403764823
62,INTARIAN_PEPPER_ROOT,p3_seeded,timestamp_window_search,high,3,0.00010015691249624411,3,25,0.45172530872070654,0.5,0.41222783403764823
65,INTARIAN_PEPPER_ROOT,p3_seeded,timestamp_window_search,high,3,0.00010015691249624411,3,25,0.45172530872070654,0.5,0.41222783403764823
229,ASH_COATED_OSMIUM,p3_seeded,timestamp_window_search,high,9,0.00030053093799044977,3,25,0.4052632275469694,0.42857142857142855,0.3861928812542302
230,ASH_COATED_OSMIUM,p3_seeded,timestamp_window_search,high,9,0.00030053093799044977,3,25,0.4052632275469694,0.42857142857142855,0.3861928812542302
38,INTARIAN_PEPPER_ROOT,p3_seeded,timestamp_window_search,high,4,0.00013354254999499215,3,25,0.3768987152527035,0.6666666666666666,0.13981584591400642
374,INTARIAN_PEPPER_ROOT,no_prior,timestamp_window_search,medium,4,0.00013354254999499215,3,25,0.3768987152527035,0.6666666666666666,0.13981584591400642
433,INTARIAN_PEPPER_ROOT,drift_search,timestamp_window_search,medium,1,3.338563749874804e-05,1,25,0.3740608468982659,1.0,-0.13807118745769836
434,INTARIAN_PEPPER_ROOT,drift_search,timestamp_window_search,medium,1,3.338563749874804e-05,1,25,0.3740608468982659,1.0,-0.13807118745769836
437,INTARIAN_PEPPER_ROOT,drift_search,timestamp_window_search,medium,1,3.338563749874804e-05,1,25,0.3740608468982659,1.0,-0.13807118745769836
55,INTARIAN_PEPPER_ROOT,p3_seeded,timestamp_window_search,high,7,0.00023369946249123628,3,25,0.37031475654326895,0.42857142857142855,0.3226502067020475
1,INTARIAN_PEPPER_ROOT,p3_seeded,timestamp_window_search,high,5,0.0001669281874937402,3,25,0.3684396922040786,0.4,0.34261762218923364
331,INTARIAN_PEPPER_ROOT,no_prior,timestamp_window_search,medium,5,0.0001669281874937402,3,25,0.3684396922040786,0.4,0.34261762218923364
77,INTARIAN_PEPPER_ROOT,p3_seeded,timestamp_window_search,high,3,0.00010015691249624411,3,25,0.337980347757297,0.375,0.30769154137690363
107,INTARIAN_PEPPER_ROOT,p3_seeded,timestamp_window_search,high,3,0.00010015691249624411,3,25,0.337980347757297,0.375,0.30769154137690363
2,INTARIAN_PEPPER_ROOT,p3_seeded,timestamp_window_search,high,7,0.00023369946249123628,3,25,0.33709425253831576,0.3529411764705882,0.3241285875028201
233,ASH_COATED_OSMIUM,p3_seeded,timestamp_window_search,high,9,0.00030053093799044977,3,25,0.33333333333333337,0.3333333333333333,0.3333333333333333
56,INTARIAN_PEPPER_ROOT,p3_seeded,timestamp_window_search,high,10,0.0003338563749874804,3,25,0.313452812772601,0.3529411764705882,0.28114415156515693
59,INTARIAN_PEPPER_ROOT,p3_seeded,timestamp_window_search,high,10,0.0003338563749874804,3,25,0.313452812772601,0.3529411764705882,0.28114415156515693
17,INTARIAN_PEPPER_ROOT,p3_seeded,timestamp_window_search,high,3,0.00010015691249624411,3,25,0.31314973438454907,0.35294117647058826,0.280593099950517
23,ASH_COATED_OSMIUM,p3_seeded,timestamp_window_search,high,6,0.00020035395866029986,3,25,0.31314973438454907,0.3529411764705882,0.280593099950517
353,INTARIAN_PEPPER_ROOT,no_prior,timestamp_window_search,medium,3,0.00010015691249624411,3,25,0.31314973438454907,0.35294117647058826,0.280593099950517
359,ASH_COATED_OSMIUM,no_prior,timestamp_window_search,medium,6,0.00020035395866029986,3,25,0.31314973438454907,0.3529411764705882,0.280593099950517
25,INTARIAN_PEPPER_ROOT,p3_seeded,timestamp_window_search,high,3,0.00010015691249624411,3,25,0.3110455470376877,0.33333333333333337,0.29281008552306853
26,INTARIAN_PEPPER_ROOT,p3_seeded,timestamp_window_search,high,3,0.00010015691249624411,3,25,0.3110455470376877,0.33333333333333337,0.29281008552306853
67,INTARIAN_PEPPER_ROOT,p3_seeded,timestamp_window_search,high,3,0.00010015691249624411,3,25,0.3110455470376877,0.33333333333333337,0.29281008552306853
361,INTARIAN_PEPPER_ROOT,no_prior,timestamp_window_search,medium,3,0.00010015691249624411,3,25,0.3110455470376877,0.33333333333333337,0.29281008552306853
362,INTARIAN_PEPPER_ROOT,no_prior,timestamp_window_search,medium,3,0.00010015691249624411,3,25,0.3110455470376877,0.33333333333333337,0.29281008552306853
332,INTARIAN_PEPPER_ROOT,no_prior,timestamp_window_search,medium,8,0.0002670850999899843,3,25,0.31104554703768766,0.33333333333333326,0.29281008552306853
49,INTARIAN_PEPPER_ROOT,p3_seeded,timestamp_window_search,high,3,0.00010015691249624411,3,25,0.304362128883209,0.3157894736842105,0.295012483136935
50,INTARIAN_PEPPER_ROOT,p3_seeded,timestamp_window_search,high,3,0.00010015691249624411,3,25,0.304362128883209,0.3157894736842105,0.295012483136935
271,INTARIAN_PEPPER_ROOT,p3_seeded,regime_rule_search,high,173,0.0057757152872834104,3,25,0.2984343379746621,0.30952380952380953,0.2893611339799051
274,INTARIAN_PEPPER_ROOT,p3_seeded,regime_rule_search,high,173,0.0057757152872834104,3,25,0.2984343379746621,0.30952380952380953,0.2893611339799051
133,INTARIAN_PEPPER_ROOT,p3_seeded,timestamp_window_search,high,3,0.00010015691249624411,3,25,0.2965961201543995,0.5,0.13017476391709
134,INTARIAN_PEPPER_ROOT,p3_seeded,timestamp_window_search,high,3,0.00010015691249624411,3,25,0.2965961201543995,0.5,0.13017476391709
13,INTARIAN_PEPPER_ROOT,p3_seeded,timestamp_window_search,high,3,0.00010015691249624411,3,25,0.2886333267164892,0.3157894736842105,0.26641466101562633
349,INTARIAN_PEPPER_ROOT,no_prior,timestamp_window_search,medium,3,0.00010015691249624411,3,25,0.2886333267164892,0.3157894736842105,0.26641466101562633
53,INTARIAN_PEPPER_ROOT,p3_seeded,timestamp_window_search,high,3,0.00010015691249624411,3,25,0.2885267069951555,0.3,0.2791394672639191
137,INTARIAN_PEPPER_ROOT,p3_seeded,timestamp_window_search,high,3,0.00010015691249624411,3,25,0.2885267069951555,0.3,0.2791394672639191
247,INTARIAN_PEPPER_ROOT,p3_seeded,regime_rule_search,high,128,0.004273361599839749,3,25,0.281267746701055,0.2880658436213992,0.2757056674025915
250,INTARIAN_PEPPER_ROOT,p3_seeded,regime_rule_search,high,128,0.004273361599839749,3,25,0.281267746701055,0.2880658436213992,0.2757056674025915
68,INTARIAN_PEPPER_ROOT,p3_seeded,timestamp_window_search,high,6,0.00020031382499248823,3,25,0.27839373174680115,0.3,0.2607158759032747
86,INTARIAN_PEPPER_ROOT,p3_seeded,timestamp_window_search,high,6,0.00020031382499248823,3,25,0.27839373174680115,0.3,0.2607158759032747
253,INTARIAN_PEPPER_ROOT,p3_seeded,regime_rule_search,high,131,0.004373518512335993,3,25,0.2761027432355441,0.2845528455284553,0.2691890231777077
256,INTARIAN_PEPPER_ROOT,p3_seeded,regime_rule_search,high,131,0.004373518512335993,3,25,0.2761027432355441,0.2845528455284553,0.2691890231777077
265,INTARIAN_PEPPER_ROOT,p3_seeded,regime_rule_search,high,110,0.003672420124862284,3,25,0.27536668679611465,0.288,0.2650303396292993
269,INTARIAN_PEPPER_ROOT,p3_seeded,regime_rule_search,high,110,0.003672420124862284,3,25,0.27536668679611465,0.288,0.2650303396292993
145,ASH_COATED_OSMIUM,p3_seeded,timestamp_window_search,high,3,0.00010017697933014993,3,25,0.2715961201543995,0.4444444444444444,0.13017476391709
146,ASH_COATED_OSMIUM,p3_seeded,timestamp_window_search,high,3,0.00010017697933014993,3,25,0.2715961201543995,0.4444444444444444,0.13017476391709
409,ASH_COATED_OSMIUM,no_prior,timestamp_window_search,medium,3,0.00010017697933014993,3,25,0.2715961201543995,0.4444444444444444,0.13017476391709
410,ASH_COATED_OSMIUM,no_prior,timestamp_window_search,medium,3,0.00010017697933014993,3,25,0.2715961201543995,0.4444444444444444,0.13017476391709
60,INTARIAN_PEPPER_ROOT,p3_seeded,timestamp_window_search,high,3,0.00010015691249624411,3,25,0.27136063874571703,0.3,0.24792843408312187
481,INTARIAN_PEPPER_ROOT,no_prior,regime_rule_search,medium,138,0.00460721797482723,3,25,0.26868572039476174,0.2766798418972332,0.26214507552910327
484,INTARIAN_PEPPER_ROOT,no_prior,regime_rule_search,medium,138,0.00460721797482723,3,25,0.26868572039476174,0.2766798418972332,0.26214507552910327
487,INTARIAN_PEPPER_ROOT,no_prior,regime_rule_search,medium,138,0.00460721797482723,3,25,0.26868572039476174,0.2766798418972332,0.26214507552910327
490,INTARIAN_PEPPER_ROOT,no_prior,regime_rule_search,medium,138,0.00460721797482723,3,25,0.26868572039476174,0.2766798418972332,0.26214507552910327
275,INTARIAN_PEPPER_ROOT,p3_seeded,regime_rule_search,high,173,0.0057757152872834104,3,25,0.2673963257909766,0.2785714285714286,0.25825305987969766
251,INTARIAN_PEPPER_ROOT,p3_seeded,regime_rule_search,high,128,0.004273361599839749,3,25,0.2672752601590326,0.2769230769230769,0.2593815918975418
259,INTARIAN_PEPPER_ROOT,p3_seeded,regime_rule_search,high,104,0.003472106299869796,3,25,0.26533710836687463,0.2786885245901639,0.2544132223660015
263,INTARIAN_PEPPER_ROOT,p3_seeded,regime_rule_search,high,104,0.003472106299869796,3,25,0.26533710836687463,0.2786885245901639,0.2544132223660015
257,INTARIAN_PEPPER_ROOT,p3_seeded,regime_rule_search,high,131,0.004373518512335993,3,25,0.2630687973409087,0.27376425855513303,0.2543179654383615
241,INTARIAN_PEPPER_ROOT,p3_seeded,regime_rule_search,high,237,0.007912396087203285,3,25,0.2597613100127678,0.26545454545454544,0.255103208287677
244,INTARIAN_PEPPER_ROOT,p3_seeded,regime_rule_search,high,237,0.007912396087203285,3,25,0.2597613100127678,0.26545454545454544,0.255103208287677
485,INTARIAN_PEPPER_ROOT,no_prior,regime_rule_search,medium,138,0.00460721797482723,3,25,0.25765741222345134,0.2666666666666666,0.25028620404263885
491,INTARIAN_PEPPER_ROOT,no_prior,regime_rule_search,medium,138,0.00460721797482723,3,25,0.25765741222345134,0.2666666666666666,0.25028620404263885
240,INTARIAN_PEPPER_ROOT,p3_seeded,regime_rule_search,high,237,0.007912396087203285,3,25,0.2558088216143408,0.26690391459074736,0.24673101827000815
264,INTARIAN_PEPPER_ROOT,p3_seeded,regime_rule_search,high,110,0.003672420124862284,3,25,0.25508111398442945,0.28044280442804426,0.23433063998510817
246,INTARIAN_PEPPER_ROOT,p3_seeded,regime_rule_search,high,128,0.004273361599839749,3,25,0.2550242187608377,0.2755905511811024,0.23819721950789383
270,INTARIAN_PEPPER_ROOT,p3_seeded,regime_rule_search,high,173,0.0057757152872834104,3,25,0.2545066341827168,0.25581395348837205,0.2534370092962716
245,INTARIAN_PEPPER_ROOT,p3_seeded,regime_rule_search,high,237,0.007912396087203285,3,25,0.2543124891563808,0.26582278481012656,0.24489497453058884
474,INTARIAN_PEPPER_ROOT,no_prior,regime_rule_search,medium,255,0.00851333756218075,3,25,0.25430607734478483,0.2655172413793103,0.24513330677108214
115,INTARIAN_PEPPER_ROOT,p3_seeded,timestamp_window_search,high,5,0.0001669281874937402,3,25,0.2539511716219693,0.2857142857142857,0.2279631691828013
116,INTARIAN_PEPPER_ROOT,p3_seeded,timestamp_window_search,high,5,0.0001669281874937402,3,25,0.2539511716219693,0.2857142857142857,0.2279631691828013
475,INTARIAN_PEPPER_ROOT,no_prior,regime_rule_search,medium,255,0.00851333756218075,3,25,0.2539105051732614,0.26461538461538464,0.2451519674478878
478,INTARIAN_PEPPER_ROOT,no_prior,regime_rule_search,medium,255,0.00851333756218075,3,25,0.2539105051732614,0.26461538461538464,0.2451519674478878
479,INTARIAN_PEPPER_ROOT,no_prior,regime_rule_search,medium,255,0.00851333756218075,3,25,0.2539105051732614,0.26461538461538464,0.2451519674478878
252,INTARIAN_PEPPER_ROOT,p3_seeded,regime_rule_search,high,131,0.004373518512335993,3,25,0.2513617298614458,0.2723735408560311,0.23417024813860327
72,INTARIAN_PEPPER_ROOT,p3_seeded,timestamp_window_search,high,3,0.00010015691249624411,3,25,0.25,0.25,0.25
102,INTARIAN_PEPPER_ROOT,p3_seeded,timestamp_window_search,high,3,0.00010015691249624411,3,25,0.25,0.25,0.25
109,INTARIAN_PEPPER_ROOT,p3_seeded,timestamp_window_search,high,5,0.0001669281874937402,3,25,0.25,0.25,0.25
273,INTARIAN_PEPPER_ROOT,p3_seeded,regime_rule_search,high,173,0.0057757152872834104,3,25,0.24718748913977134,0.2565597667638484,0.23951926199279916
480,INTARIAN_PEPPER_ROOT,no_prior,regime_rule_search,medium,138,0.00460721797482723,3,25,0.24639181692466205,0.26515151515151514,0.2310429729208731
486,INTARIAN_PEPPER_ROOT,no_prior,regime_rule_search,medium,138,0.00460721797482723,3,25,0.24639181692466205,0.26515151515151514,0.2310429729208731
261,INTARIAN_PEPPER_ROOT,p3_seeded,regime_rule_search,high,104,0.003472106299869796,3,25,0.24301593024529305,0.25116279069767444,0.2363503171478901
258,INTARIAN_PEPPER_ROOT,p3_seeded,regime_rule_search,high,104,0.003472106299869796,3,25,0.24297013421574784,0.26282051282051283,0.22672891535730372
14,INTARIAN_PEPPER_ROOT,p3_seeded,timestamp_window_search,high,6,0.00020031382499248823,3,25,0.23968748475220086,0.2727272727272727,0.21265493095441476
350,INTARIAN_PEPPER_ROOT,no_prior,timestamp_window_search,medium,6,0.00020031382499248823,3,25,0.23968748475220086,0.2727272727272727,0.21265493095441476
268,INTARIAN_PEPPER_ROOT,p3_seeded,regime_rule_search,high,110,0.003672420124862284,3,25,0.23820833704223654,0.26666666666666666,0.21492424916770278
267,INTARIAN_PEPPER_ROOT,p3_seeded,regime_rule_search,high,110,0.003672420124862284,3,25,0.2356166813230018,0.24434389140271495,0.22847623671232736
249,INTARIAN_PEPPER_ROOT,p3_seeded,regime_rule_search,high,128,0.004273361599839749,3,25,0.23555158666518383,0.25116279069767444,0.2227787833658733
5,INTARIAN_PEPPER_ROOT,p3_seeded,timestamp_window_search,high,5,0.0001669281874937402,3,25,0.2332053938953222,0.24,0.2276461707187676
335,INTARIAN_PEPPER_ROOT,no_prior,timestamp_window_search,medium,5,0.0001669281874937402,3,25,0.2332053938953222,0.24,0.2276461707187676
101,INTARIAN_PEPPER_ROOT,p3_seeded,timestamp_window_search,high,3,0.00010015691249624411,3,25,0.2317052154484228,0.25,0.2167367553607687
255,INTARIAN_PEPPER_ROOT,p3_seeded,regime_rule_search,high,131,0.004373518512335993,3,25,0.23115551265193401,0.24770642201834864,0.21761385953395837
262,INTARIAN_PEPPER_ROOT,p3_seeded,regime_rule_search,high,104,0.003472106299869796,3,25,0.22544404454868688,0.24477611940298508,0.20962689239517016
45,INTARIAN_PEPPER_ROOT,p3_seeded,timestamp_window_search,high,3,0.00010015691249624411,3,25,0.2254006886919534,0.24000000000000002,0.21345579762173342
46,INTARIAN_PEPPER_ROOT,p3_seeded,timestamp_window_search,high,3,0.00010015691249624411,3,25,0.2254006886919534,0.24000000000000002,0.21345579762173342
381,INTARIAN_PEPPER_ROOT,no_prior,timestamp_window_search,medium,3,0.00010015691249624411,3,25,0.2254006886919534,0.24000000000000002,0.21345579762173342
382,INTARIAN_PEPPER_ROOT,no_prior,timestamp_window_search,medium,3,0.00010015691249624411,3,25,0.2254006886919534,0.24000000000000002,0.21345579762173342
483,INTARIAN_PEPPER_ROOT,no_prior,regime_rule_search,medium,138,0.00460721797482723,3,25,0.22534104866345234,0.24,0.21334736120627698
489,INTARIAN_PEPPER_ROOT,no_prior,regime_rule_search,medium,138,0.00460721797482723,3,25,0.22534104866345234,0.24,0.21334736120627698
110,INTARIAN_PEPPER_ROOT,p3_seeded,timestamp_window_search,high,7,0.00023369946249123628,3,25,0.22395895514888348,0.23076923076923078,0.2183869114595084
289,INTARIAN_PEPPER_ROOT,p3_seeded,regime_rule_search,high,160,0.0053417019997996865,3,25,0.22363596628590882,0.23493975903614459,0.21438740858117042
292,INTARIAN_PEPPER_ROOT,p3_seeded,regime_rule_search,high,160,0.0053417019997996865,3,25,0.22363596628590882,0.23493975903614459,0.21438740858117042
293,INTARIAN_PEPPER_ROOT,p3_seeded,regime_rule_search,high,160,0.0053417019997996865,3,25,0.2133550747912869,0.21776504297994267,0.20974691900056855
71,INTARIAN_PEPPER_ROOT,p3_seeded,timestamp_window_search,high,6,0.00020031382499248823,3,25,0.21163745950037305,0.22641509433962262,0.19954666735916887
89,INTARIAN_PEPPER_ROOT,p3_seeded,timestamp_window_search,high,6,0.00020031382499248823,3,25,0.21163745950037305,0.22641509433962262,0.19954666735916887
288,INTARIAN_PEPPER_ROOT,p3_seeded,regime_rule_search,high,160,0.0053417019997996865,3,25,0.20861475405412136,0.2165605095541401,0.20211368137228783
523,INTARIAN_PEPPER_ROOT,drift_search,regime_rule_search,medium,18,0.0006009414749774647,3,25,0.20829784196896328,0.23076923076923078,0.18991216022328986
526,INTARIAN_PEPPER_ROOT,drift_search,regime_rule_search,medium,18,0.0006009414749774647,3,25,0.20829784196896328,0.23076923076923078,0.18991216022328986
97,INTARIAN_PEPPER_ROOT,p3_seeded,timestamp_window_search,high,3,0.00010015691249624411,3,25,0.20349092973413707,0.2222222222222222,0.18816532678934011
98,INTARIAN_PEPPER_ROOT,p3_seeded,timestamp_window_search,high,3,0.00010015691249624411,3,25,0.20349092973413707,0.2222222222222222,0.18816532678934011
527,INTARIAN_PEPPER_ROOT,drift_search,regime_rule_search,medium,18,0.0006009414749774647,3,25,0.201415911540268,0.20689655172413793,0.1969317513898289
19,ASH_COATED_OSMIUM,p3_seeded,timestamp_window_search,high,6,0.00020035395866029986,3,25,0.2009394148097604,0.21428571428571427,0.1900197152385254
20,ASH_COATED_OSMIUM,p3_seeded,timestamp_window_search,high,6,0.00020035395866029986,3,25,0.2009394148097604,0.21428571428571427,0.1900197152385254
355,ASH_COATED_OSMIUM,no_prior,timestamp_window_search,medium,6,0.00020035395866029986,3,25,0.2009394148097604,0.21428571428571427,0.1900197152385254
356,ASH_COATED_OSMIUM,no_prior,timestamp_window_search,medium,6,0.00020035395866029986,3,25,0.2009394148097604,0.21428571428571427,0.1900197152385254
0,INTARIAN_PEPPER_ROOT,p3_seeded,timestamp_window_search,high,5,0.0001669281874937402,3,25,0.19165344878045537,0.19999999999999998,0.18482445232810063
330,INTARIAN_PEPPER_ROOT,no_prior,timestamp_window_search,medium,5,0.0001669281874937402,3,25,0.19165344878045537,0.19999999999999998,0.18482445232810063
477,INTARIAN_PEPPER_ROOT,no_prior,regime_rule_search,medium,255,0.00851333756218075,3,25,0.18923099049715753,0.2033195020746888,0.17770402647917735
291,INTARIAN_PEPPER_ROOT,p3_seeded,regime_rule_search,high,160,0.0053417019997996865,3,25,0.18832390169161203,0.19375,0.18388436671202185
48,INTARIAN_PEPPER_ROOT,p3_seeded,timestamp_window_search,high,3,0.00010015691249624411,3,25,0.18763301001286664,0.19999999999999998,0.17751456365975754
131,INTARIAN_PEPPER_ROOT,p3_seeded,timestamp_window_search,high,3,0.00010015691249624411,3,25,0.18763301001286664,0.19999999999999998,0.17751456365975754
243,INTARIAN_PEPPER_ROOT,p3_seeded,regime_rule_search,high,237,0.007912396087203285,3,25,0.18585633187241332,0.2025862068965517,0.17216825230720917
85,INTARIAN_PEPPER_ROOT,p3_seeded,timestamp_window_search,high,3,0.00010015691249624411,3,25,0.18464795899072767,0.30769230769230765,0.08397531005307132
517,INTARIAN_PEPPER_ROOT,p3_seeded,regime_rule_search,medium,153,0.00510800253730845,3,25,0.1775409897010951,0.19170984455958545,0.16594829027142116
520,INTARIAN_PEPPER_ROOT,p3_seeded,regime_rule_search,medium,153,0.00510800253730845,3,25,0.1775409897010951,0.19170984455958545,0.16594829027142116
149,ASH_COATED_OSMIUM,p3_seeded,timestamp_window_search,high,3,0.00010017697933014993,3,25,0.17691089608789023,0.30769230769230765,0.06990792295700327
413,ASH_COATED_OSMIUM,no_prior,timestamp_window_search,medium,3,0.00010017697933014993,3,25,0.17691089608789023,0.30769230769230765,0.06990792295700327
521,INTARIAN_PEPPER_ROOT,p3_seeded,regime_rule_search,medium,153,0.00510800253730845,3,25,0.17601343853709106,0.1917808219178082,0.1631128521346861
125,INTARIAN_PEPPER_ROOT,p3_seeded,timestamp_window_search,high,3,0.00010015691249624411,3,25,0.1676589305807097,0.17142857142857143,0.16457467897791367
54,INTARIAN_PEPPER_ROOT,p3_seeded,timestamp_window_search,high,7,0.00023369946249123628,3,25,0.1671762400538299,0.17647058823529413,0.15957177335990458
139,ASH_COATED_OSMIUM,p3_seeded,timestamp_window_search,high,3,0.00010017697933014993,3,25,0.16702078619778038,0.28571428571428575,0.06990792295700327
140,ASH_COATED_OSMIUM,p3_seeded,timestamp_window_search,high,3,0.00010017697933014993,3,25,0.16702078619778038,0.28571428571428575,0.06990792295700327
397,ASH_COATED_OSMIUM,no_prior,timestamp_window_search,medium,3,0.00010017697933014993,3,25,0.16702078619778038,0.28571428571428575,0.06990792295700327
398,ASH_COATED_OSMIUM,no_prior,timestamp_window_search,medium,3,0.00010017697933014993,3,25,0.16702078619778038,0.28571428571428575,0.06990792295700327
113,INTARIAN_PEPPER_ROOT,p3_seeded,timestamp_window_search,high,7,0.00023369946249123628,3,25,0.16321062231039046,0.18518518518518517,0.1452314345037402
79,INTARIAN_PEPPER_ROOT,p3_seeded,timestamp_window_search,high,3,0.00010015691249624411,3,25,0.15820657042874453,0.26666666666666666,0.06946649168862642
83,INTARIAN_PEPPER_ROOT,p3_seeded,timestamp_window_search,high,4,0.00013354254999499215,3,25,0.15820657042874453,0.26666666666666666,0.06946649168862642
121,INTARIAN_PEPPER_ROOT,p3_seeded,timestamp_window_search,high,3,0.00010015691249624411,3,25,0.15552277351884386,0.16666666666666669,0.14640504276153427
122,INTARIAN_PEPPER_ROOT,p3_seeded,timestamp_window_search,high,3,0.00010015691249624411,3,25,0.15552277351884386,0.16666666666666669,0.14640504276153427
41,INTARIAN_PEPPER_ROOT,p3_seeded,timestamp_window_search,high,3,0.00010015691249624411,3,25,0.15319107663847017,0.26666666666666666,0.06034741206994576
377,INTARIAN_PEPPER_ROOT,no_prior,timestamp_window_search,medium,3,0.00010015691249624411,3,25,0.15319107663847017,0.26666666666666666,0.06034741206994576
119,INTARIAN_PEPPER_ROOT,p3_seeded,timestamp_window_search,high,5,0.0001669281874937402,3,25,0.14426335349757774,0.15,0.13956973363195954
47,INTARIAN_PEPPER_ROOT,p3_seeded,timestamp_window_search,high,3,0.00010015691249624411,3,25,0.14072475750964997,0.15,0.1331359227448181
383,INTARIAN_PEPPER_ROOT,no_prior,timestamp_window_search,medium,3,0.00010015691249624411,3,25,0.14072475750964997,0.15,0.1331359227448181
80,INTARIAN_PEPPER_ROOT,p3_seeded,timestamp_window_search,high,6,0.00020031382499248823,3,25,0.1325319020234502,0.2222222222222222,0.05914891276990947
519,INTARIAN_PEPPER_ROOT,p3_seeded,regime_rule_search,medium,153,0.00510800253730845,3,25,0.12838849928592183,0.13333333333333336,0.12434272597440328
95,ASH_COATED_OSMIUM,p3_seeded,timestamp_window_search,high,8,0.0002671386115470665,3,25,0.12556398223479054,0.12765957446808512,0.12384940677118585
389,ASH_COATED_OSMIUM,no_prior,timestamp_window_search,medium,8,0.0002671386115470665,3,25,0.12556398223479054,0.12765957446808512,0.12384940677118585
40,INTARIAN_PEPPER_ROOT,p3_seeded,timestamp_window_search,high,3,0.00010015691249624411,3,25,0.125,0.125,0.125
75,INTARIAN_PEPPER_ROOT,p3_seeded,timestamp_window_search,high,3,0.00010015691249624411,3,25,0.125,0.125,0.125
76,INTARIAN_PEPPER_ROOT,p3_seeded,timestamp_window_search,high,3,0.00010015691249624411,3,25,0.125,0.125,0.125
105,INTARIAN_PEPPER_ROOT,p3_seeded,timestamp_window_search,high,3,0.00010015691249624411,3,25,0.125,0.125,0.125
106,INTARIAN_PEPPER_ROOT,p3_seeded,timestamp_window_search,high,3,0.00010015691249624411,3,25,0.125,0.125,0.125
376,INTARIAN_PEPPER_ROOT,no_prior,timestamp_window_search,medium,3,0.00010015691249624411,3,25,0.125,0.125,0.125
39,INTARIAN_PEPPER_ROOT,p3_seeded,timestamp_window_search,high,4,0.00013354254999499215,3,25,0.12059758625920595,0.12244897959183675,0.11908280989614438
375,INTARIAN_PEPPER_ROOT,no_prior,timestamp_window_search,medium,4,0.00013354254999499215,3,25,0.12059758625920595,0.12244897959183675,0.11908280989614438
516,INTARIAN_PEPPER_ROOT,p3_seeded,regime_rule_search,medium,153,0.00510800253730845,3,25,0.12003275789121813,0.1276595744680851,0.11379263523741787
18,ASH_COATED_OSMIUM,p3_seeded,timestamp_window_search,high,6,0.00020035395866029986,3,25,0.11779211283934837,0.12244897959183673,0.11398194913276698
354,ASH_COATED_OSMIUM,no_prior,timestamp_window_search,medium,6,0.00020035395866029986,3,25,0.11779211283934837,0.12244897959183673,0.11398194913276698
29,INTARIAN_PEPPER_ROOT,p3_seeded,timestamp_window_search,high,3,0.00010015691249624411,3,25,0.11295553529094875,0.11764705882352941,0.10911701603701911
365,INTARIAN_PEPPER_ROOT,no_prior,timestamp_window_search,medium,3,0.00010015691249624411,3,25,0.11295553529094875,0.11764705882352941,0.10911701603701911
493,INTARIAN_PEPPER_ROOT,drift_search,regime_rule_search,medium,14,0.00046739892498247256,2,25,0.110189984458143,0.1935483870967742,0.04198765502653566
497,INTARIAN_PEPPER_ROOT,drift_search,regime_rule_search,medium,14,0.00046739892498247256,2,25,0.110189984458143,0.1935483870967742,0.04198765502653566
541,ASH_COATED_OSMIUM,drift_search,regime_rule_search,medium,12,0.0004007079173205997,3,25,0.11016809195683737,0.11320754716981131,0.10768126496440414
545,ASH_COATED_OSMIUM,drift_search,regime_rule_search,medium,12,0.0004007079173205997,3,25,0.11016809195683737,0.11320754716981131,0.10768126496440414
35,INTARIAN_PEPPER_ROOT,p3_seeded,timestamp_window_search,high,3,0.00010015691249624411,3,25,0.10535668711987849,0.1090909090909091,0.10230141459812615
371,INTARIAN_PEPPER_ROOT,no_prior,timestamp_window_search,medium,3,0.00010015691249624411,3,25,0.10535668711987849,0.1090909090909091,0.10230141459812615
132,INTARIAN_PEPPER_ROOT,p3_seeded,timestamp_window_search,high,3,0.00010015691249624411,3,25,0.0992202976311396,0.10169491525423728,0.09719561048496876
547,ASH_COATED_OSMIUM,drift_search,regime_rule_search,medium,28,0.0009349851404147327,3,25,0.09827879879181146,0.1095890410958904,0.08902496417938323
550,ASH_COATED_OSMIUM,drift_search,regime_rule_search,medium,28,0.0009349851404147327,3,25,0.09827879879181146,0.1095890410958904,0.08902496417938323
42,INTARIAN_PEPPER_ROOT,p3_seeded,timestamp_window_search,high,3,0.00010015691249624411,3,25,0.09704004365299063,0.16,0.04552735209634656
378,INTARIAN_PEPPER_ROOT,no_prior,timestamp_window_search,medium,3,0.00010015691249624411,3,25,0.09704004365299063,0.16,0.04552735209634656
544,ASH_COATED_OSMIUM,drift_search,regime_rule_search,medium,12,0.0004007079173205997,3,25,0.09436183828748089,0.16666666666666666,0.035203342340874355
325,ASH_COATED_OSMIUM,p3_seeded,regime_rule_search,high,214,0.007145957858884029,3,25,0.09405904853236607,0.09768637532133677,0.09109123570502642
329,ASH_COATED_OSMIUM,p3_seeded,regime_rule_search,high,214,0.007145957858884029,3,25,0.09405904853236607,0.09768637532133677,0.09109123570502642
127,INTARIAN_PEPPER_ROOT,p3_seeded,timestamp_window_search,high,3,0.00010015691249624411,3,25,0.09173685596150224,0.0967741935483871,0.08761539793586919
128,INTARIAN_PEPPER_ROOT,p3_seeded,timestamp_window_search,high,3,0.00010015691249624411,3,25,0.09173685596150224,0.0967741935483871,0.08761539793586919
143,ASH_COATED_OSMIUM,p3_seeded,timestamp_window_search,high,3,0.00010017697933014993,3,25,0.09167591249167571,0.15384615384615383,0.04080935138346635
401,ASH_COATED_OSMIUM,no_prior,timestamp_window_search,medium,3,0.00010017697933014993,3,25,0.09167591249167571,0.15384615384615383,0.04080935138346635
31,INTARIAN_PEPPER_ROOT,p3_seeded,timestamp_window_search,high,3,0.00010015691249624411,3,25,0.09036248474250205,0.15384615384615383,0.03842130093042334
32,INTARIAN_PEPPER_ROOT,p3_seeded,timestamp_window_search,high,3,0.00010015691249624411,3,25,0.09036248474250205,0.15384615384615383,0.03842130093042334
367,INTARIAN_PEPPER_ROOT,no_prior,timestamp_window_search,medium,3,0.00010015691249624411,3,25,0.09036248474250205,0.15384615384615383,0.03842130093042334
368,INTARIAN_PEPPER_ROOT,no_prior,timestamp_window_search,medium,3,0.00010015691249624411,3,25,0.09036248474250205,0.15384615384615383,0.03842130093042334
551,ASH_COATED_OSMIUM,drift_search,regime_rule_search,medium,28,0.0009349851404147327,3,25,0.08850017766273757,0.09375,0.08420486847770468
327,ASH_COATED_OSMIUM,p3_seeded,regime_rule_search,high,214,0.007145957858884029,3,25,0.08830961481997146,0.0946236559139785,0.08314358119760204
525,INTARIAN_PEPPER_ROOT,drift_search,regime_rule_search,medium,18,0.0006009414749774647,3,25,0.0876905915675695,0.09523809523809522,0.08151536129168481
161,ASH_COATED_OSMIUM,p3_seeded,timestamp_window_search,high,8,0.0002671386115470665,3,25,0.08541742979744713,0.14285714285714288,0.03842130093042334
499,ASH_COATED_OSMIUM,no_prior,regime_rule_search,medium,434,0.014492269676428356,3,25,0.08530604582646986,0.08604000860400086,0.08470553082667177
503,ASH_COATED_OSMIUM,no_prior,regime_rule_search,medium,434,0.014492269676428356,3,25,0.08530604582646986,0.08604000860400086,0.08470553082667177
277,ASH_COATED_OSMIUM,p3_seeded,regime_rule_search,high,387,0.012922830333589342,3,25,0.08515520509239535,0.08773087071240106,0.0830478423123907
280,ASH_COATED_OSMIUM,p3_seeded,regime_rule_search,high,387,0.012922830333589342,3,25,0.08515520509239535,0.08773087071240106,0.0830478423123907
328,ASH_COATED_OSMIUM,p3_seeded,regime_rule_search,high,214,0.007145957858884029,3,25,0.08484905212405863,0.08583690987124462,0.08404080487636098
281,ASH_COATED_OSMIUM,p3_seeded,regime_rule_search,high,387,0.012922830333589342,3,25,0.08476328741232883,0.08831819605386783,0.08185472579652421
167,ASH_COATED_OSMIUM,p3_seeded,timestamp_window_search,high,9,0.00030053093799044977,3,25,0.0845141087781479,0.13793103448275865,0.04080935138346638
498,ASH_COATED_OSMIUM,no_prior,regime_rule_search,medium,434,0.014492269676428356,3,25,0.08429811278502482,0.08468108304561148,0.08398477348090845
502,ASH_COATED_OSMIUM,no_prior,regime_rule_search,medium,434,0.014492269676428356,3,25,0.08414967127011941,0.08685286103542234,0.08193797055305338
501,ASH_COATED_OSMIUM,no_prior,regime_rule_search,medium,434,0.014492269676428356,3,25,0.0834622480217611,0.08430609597924774,0.08277182696563565
231,ASH_COATED_OSMIUM,p3_seeded,timestamp_window_search,high,6,0.00020035395866029986,3,25,0.08182402807045527,0.08333333333333334,0.08058914194628229
228,ASH_COATED_OSMIUM,p3_seeded,timestamp_window_search,high,9,0.00030053093799044977,3,25,0.08114518981323332,0.08695652173913045,0.07639046369204475
276,ASH_COATED_OSMIUM,p3_seeded,regime_rule_search,high,387,0.012922830333589342,3,25,0.08086007567230477,0.08384790380240494,0.07841548902040461
522,INTARIAN_PEPPER_ROOT,drift_search,regime_rule_search,medium,18,0.0006009414749774647,3,25,0.08023335597614736,0.08108108108108107,0.07953976270847432
239,ASH_COATED_OSMIUM,p3_seeded,timestamp_window_search,high,7,0.00023374628510368318,3,25,0.07869027386175624,0.11764705882352941,0.04681654071121455
279,ASH_COATED_OSMIUM,p3_seeded,regime_rule_search,high,387,0.012922830333589342,3,25,0.0782412440464551,0.0807850296668188,0.07615996490252115
452,INTARIAN_PEPPER_ROOT,drift_search,timestamp_window_search,medium,1,3.338563749874804e-05,1,25,0.07794532650360583,0.2857142857142857,-0.09204745830513222
496,INTARIAN_PEPPER_ROOT,drift_search,regime_rule_search,medium,14,0.00046739892498247256,2,25,0.07726999422491147,0.1395348837209302,0.026325993728168864
114,INTARIAN_PEPPER_ROOT,p3_seeded,timestamp_window_search,high,5,0.0001669281874937402,3,25,0.07694497397944924,0.07894736842105261,0.07530665125450103
324,ASH_COATED_OSMIUM,p3_seeded,regime_rule_search,high,214,0.007145957858884029,3,25,0.0757299552680752,0.07834101382488479,0.07359363463068554
63,INTARIAN_PEPPER_ROOT,p3_seeded,timestamp_window_search,high,3,0.00010015691249624411,3,25,0.07522392225606031,0.07594936708860758,0.07463037648397616
64,INTARIAN_PEPPER_ROOT,p3_seeded,timestamp_window_search,high,3,0.00010015691249624411,3,25,0.07522392225606031,0.07594936708860758,0.07463037648397616
3,INTARIAN_PEPPER_ROOT,p3_seeded,timestamp_window_search,high,5,0.0001669281874937402,3,25,0.07198103734585592,0.075,0.06951097699246529
22,ASH_COATED_OSMIUM,p3_seeded,timestamp_window_search,high,3,0.00010017697933014993,3,25,0.07174401551914464,0.07407407407407407,0.06983760397420236
358,ASH_COATED_OSMIUM,no_prior,timestamp_window_search,medium,3,0.00010017697933014993,3,25,0.07174401551914464,0.07407407407407407,0.06983760397420236
505,ASH_COATED_OSMIUM,no_prior,regime_rule_search,medium,234,0.007813804387751694,3,25,0.07171727856921603,0.07734806629834255,0.0671102704272034
507,ASH_COATED_OSMIUM,no_prior,regime_rule_search,medium,234,0.007813804387751694,3,25,0.07171727856921603,0.07734806629834255,0.0671102704272034
508,ASH_COATED_OSMIUM,no_prior,regime_rule_search,medium,234,0.007813804387751694,3,25,0.07171727856921603,0.07734806629834255,0.0671102704272034
4,INTARIAN_PEPPER_ROOT,p3_seeded,timestamp_window_search,high,5,0.0001669281874937402,3,25,0.07157721875114745,0.075,0.06877676136572264
334,INTARIAN_PEPPER_ROOT,no_prior,timestamp_window_search,medium,5,0.0001669281874937402,3,25,0.07157721875114745,0.075,0.06877676136572264
135,INTARIAN_PEPPER_ROOT,p3_seeded,timestamp_window_search,high,3,0.00010015691249624411,3,25,0.0708446836614425,0.07594936708860758,0.06666812449376198
136,INTARIAN_PEPPER_ROOT,p3_seeded,timestamp_window_search,high,3,0.00010015691249624411,3,25,0.0708446836614425,0.07594936708860758,0.06666812449376198
333,INTARIAN_PEPPER_ROOT,no_prior,timestamp_window_search,medium,6,0.00020031382499248823,3,25,0.07066361200033766,0.07407407407407407,0.06787323394000785
529,ASH_COATED_OSMIUM,no_prior,regime_rule_search,medium,212,0.007079173205997262,3,25,0.07046437459351029,0.0713489409141583,0.06974063851298008
532,ASH_COATED_OSMIUM,no_prior,regime_rule_search,medium,212,0.007079173205997262,3,25,0.07046437459351029,0.0713489409141583,0.06974063851298008
36,INTARIAN_PEPPER_ROOT,p3_seeded,timestamp_window_search,high,3,0.00010015691249624411,3,25,0.07001327578884896,0.11428571428571428,0.033790371564140956
372,INTARIAN_PEPPER_ROOT,no_prior,timestamp_window_search,medium,3,0.00010015691249624411,3,25,0.07001327578884896,0.11428571428571428,0.033790371564140956
24,INTARIAN_PEPPER_ROOT,p3_seeded,timestamp_window_search,high,3,0.00010015691249624411,3,25,0.0693276014671713,0.11428571428571428,0.0325436909792725
360,INTARIAN_PEPPER_ROOT,no_prior,timestamp_window_search,medium,3,0.00010015691249624411,3,25,0.0693276014671713,0.11428571428571428,0.0325436909792725
21,ASH_COATED_OSMIUM,p3_seeded,timestamp_window_search,high,6,0.00020035395866029986,3,25,0.06925798503883962,0.07142857142857144,0.06748205071996813
357,ASH_COATED_OSMIUM,no_prior,timestamp_window_search,medium,6,0.00020035395866029986,3,25,0.06925798503883962,0.07142857142857144,0.06748205071996813
58,INTARIAN_PEPPER_ROOT,p3_seeded,timestamp_window_search,high,6,0.00020031382499248823,3,25,0.0684134364531497,0.07317073170731707,0.06452110397246731
99,INTARIAN_PEPPER_ROOT,p3_seeded,timestamp_window_search,high,3,0.00010015691249624411,3,25,0.06831621797176321,0.07058823529411765,0.06645729470801867
100,INTARIAN_PEPPER_ROOT,p3_seeded,timestamp_window_search,high,3,0.00010015691249624411,3,25,0.06831621797176321,0.07058823529411765,0.06645729470801867
57,INTARIAN_PEPPER_ROOT,p3_seeded,timestamp_window_search,high,7,0.00023369946249123628,3,25,0.06815901819839916,0.07228915662650602,0.06477981402994809
509,ASH_COATED_OSMIUM,no_prior,regime_rule_search,medium,234,0.007813804387751694,3,25,0.06811627480104114,0.0701468189233279,0.06645492051917015
511,INTARIAN_PEPPER_ROOT,drift_search,regime_rule_search,medium,17,0.0005675558374787167,3,25,0.06759536802143107,0.06818181818181819,0.0671155451629325
295,ASH_COATED_OSMIUM,p3_seeded,regime_rule_search,high,187,0.0062443650449126795,3,25,0.06607694268869832,0.07079646017699115,0.062215519289186
297,ASH_COATED_OSMIUM,p3_seeded,regime_rule_search,high,187,0.0062443650449126795,3,25,0.06607694268869832,0.07079646017699115,0.062215519289186
531,ASH_COATED_OSMIUM,no_prior,regime_rule_search,medium,212,0.007079173205997262,3,25,0.06553000526694264,0.06813627254509018,0.06339760476664011
307,ASH_COATED_OSMIUM,p3_seeded,regime_rule_search,high,193,0.0064447190035729785,3,25,0.06537536757672541,0.06986899563318778,0.061698762803256174
309,ASH_COATED_OSMIUM,p3_seeded,regime_rule_search,high,193,0.0064447190035729785,3,25,0.06537536757672541,0.06986899563318778,0.061698762803256174
310,ASH_COATED_OSMIUM,p3_seeded,regime_rule_search,high,193,0.0064447190035729785,3,25,0.06494047048486531,0.06576402321083172,0.06426665461816551
27,INTARIAN_PEPPER_ROOT,p3_seeded,timestamp_window_search,high,3,0.00010015691249624411,3,25,0.06481631786565009,0.06593406593406592,0.0639017967187644
28,INTARIAN_PEPPER_ROOT,p3_seeded,timestamp_window_search,high,3,0.00010015691249624411,3,25,0.06481631786565009,0.06593406593406592,0.0639017967187644
70,INTARIAN_PEPPER_ROOT,p3_seeded,timestamp_window_search,high,3,0.00010015691249624411,3,25,0.06481631786565009,0.06593406593406592,0.0639017967187644
118,INTARIAN_PEPPER_ROOT,p3_seeded,timestamp_window_search,high,3,0.00010015691249624411,3,25,0.06481631786565009,0.06593406593406592,0.0639017967187644
363,INTARIAN_PEPPER_ROOT,no_prior,timestamp_window_search,medium,3,0.00010015691249624411,3,25,0.06481631786565009,0.06593406593406592,0.0639017967187644
364,INTARIAN_PEPPER_ROOT,no_prior,timestamp_window_search,medium,3,0.00010015691249624411,3,25,0.06481631786565009,0.06593406593406592,0.0639017967187644
298,ASH_COATED_OSMIUM,p3_seeded,regime_rule_search,high,187,0.0062443650449126795,3,25,0.0643326779248947,0.06882591093117409,0.06065639637430247
514,INTARIAN_PEPPER_ROOT,drift_search,regime_rule_search,medium,17,0.0005675558374787167,3,25,0.06410880986076362,0.06936416184971099,0.059808976415261214
515,INTARIAN_PEPPER_ROOT,drift_search,regime_rule_search,medium,17,0.0005675558374787167,3,25,0.06389191765960021,0.075,0.05480348665381855
283,ASH_COATED_OSMIUM,p3_seeded,regime_rule_search,high,201,0.006711857615120045,3,25,0.06373288799256029,0.06884057971014493,0.05955386749635466
285,ASH_COATED_OSMIUM,p3_seeded,regime_rule_search,high,201,0.006711857615120045,3,25,0.06373288799256029,0.06884057971014493,0.05955386749635466
286,ASH_COATED_OSMIUM,p3_seeded,regime_rule_search,high,201,0.006711857615120045,3,25,0.06373288799256029,0.06884057971014493,0.05955386749635466
91,ASH_COATED_OSMIUM,p3_seeded,timestamp_window_search,high,5,0.00016696163221691654,3,25,0.06368361698884573,0.10714285714285714,0.028126056862836382
385,ASH_COATED_OSMIUM,no_prior,timestamp_window_search,medium,5,0.00016696163221691654,3,25,0.06368361698884573,0.10714285714285714,0.028126056862836382
287,ASH_COATED_OSMIUM,p3_seeded,regime_rule_search,high,201,0.006711857615120045,3,25,0.06296578248880916,0.07131782945736434,0.05613228951453675
117,INTARIAN_PEPPER_ROOT,p3_seeded,timestamp_window_search,high,5,0.0001669281874937402,3,25,0.06291627216084113,0.06451612903225806,0.06160729835695453
301,ASH_COATED_OSMIUM,p3_seeded,regime_rule_search,high,208,0.006945603900223729,3,25,0.06287337956605295,0.06797853309481217,0.0586964357697954
303,ASH_COATED_OSMIUM,p3_seeded,regime_rule_search,high,208,0.006945603900223729,3,25,0.06287337956605295,0.06797853309481217,0.0586964357697954
304,ASH_COATED_OSMIUM,p3_seeded,regime_rule_search,high,208,0.006945603900223729,3,25,0.06287337956605295,0.06797853309481217,0.0586964357697954
69,INTARIAN_PEPPER_ROOT,p3_seeded,timestamp_window_search,high,6,0.00020031382499248823,3,25,0.06278199111739526,0.06382978723404255,0.061924703385592916
88,INTARIAN_PEPPER_ROOT,p3_seeded,timestamp_window_search,high,6,0.00020031382499248823,3,25,0.06278199111739526,0.06382978723404255,0.061924703385592916
510,INTARIAN_PEPPER_ROOT,drift_search,regime_rule_search,medium,17,0.0005675558374787167,3,25,0.06276748757315165,0.06965174129353234,0.0571349163473856
305,ASH_COATED_OSMIUM,p3_seeded,regime_rule_search,high,208,0.006945603900223729,3,25,0.06251540842502304,0.0705521472392638,0.05593989484973514
535,ASH_COATED_OSMIUM,drift_search,regime_rule_search,medium,19,0.0006344542024242829,3,25,0.062268136490311425,0.07575757575757575,0.05123132254436788
533,ASH_COATED_OSMIUM,no_prior,regime_rule_search,medium,212,0.007079173205997262,3,25,0.06212154191158643,0.06823027718550108,0.05712348577838352
12,INTARIAN_PEPPER_ROOT,p3_seeded,timestamp_window_search,high,3,0.00010015691249624411,3,25,0.06169641020667008,0.06382978723404255,0.059950919911547135
348,INTARIAN_PEPPER_ROOT,no_prior,timestamp_window_search,medium,3,0.00010015691249624411,3,25,0.06169641020667008,0.06382978723404255,0.059950919911547135
51,INTARIAN_PEPPER_ROOT,p3_seeded,timestamp_window_search,high,3,0.00010015691249624411,3,25,0.06137178294834554,0.06185567010309278,0.060975875276279616
52,INTARIAN_PEPPER_ROOT,p3_seeded,timestamp_window_search,high,3,0.00010015691249624411,3,25,0.06137178294834554,0.06185567010309278,0.060975875276279616
539,ASH_COATED_OSMIUM,drift_search,regime_rule_search,medium,19,0.0006344542024242829,3,25,0.06116736837740634,0.06644518272425248,0.05684915663907767
549,ASH_COATED_OSMIUM,drift_search,regime_rule_search,medium,28,0.0009349851404147327,3,25,0.06099904379608678,0.10526315789473682,0.024782950442645835
157,ASH_COATED_OSMIUM,p3_seeded,timestamp_window_search,high,6,0.00020035395866029986,3,25,0.060364494361042687,0.10256410256410256,0.02583754219490278
92,ASH_COATED_OSMIUM,p3_seeded,timestamp_window_search,high,8,0.0002671386115470665,3,25,0.06028409058001745,0.10169491525423728,0.026402506755655766
386,ASH_COATED_OSMIUM,no_prior,timestamp_window_search,medium,8,0.0002671386115470665,3,25,0.06028409058001745,0.10169491525423728,0.026402506755655766
504,ASH_COATED_OSMIUM,no_prior,regime_rule_search,medium,234,0.007813804387751694,3,25,0.05929390170573111,0.06108202443280979,0.05783089220175763
546,ASH_COATED_OSMIUM,drift_search,regime_rule_search,medium,28,0.0009349851404147327,3,25,0.05723905352325773,0.06363636363636364,0.05200489070344379
232,ASH_COATED_OSMIUM,p3_seeded,timestamp_window_search,high,6,0.00020035395866029986,3,25,0.0549124123573784,0.056603773584905655,0.053528571353037915
96,INTARIAN_PEPPER_ROOT,p3_seeded,timestamp_window_search,high,3,0.00010015691249624411,3,25,0.05456113440413621,0.0909090909090909,0.024821897263718737
313,ASH_COATED_OSMIUM,p3_seeded,regime_rule_search,high,205,0.006845426920893578,3,25,0.05441654134951905,0.058898847631241986,0.05074919984629119
316,ASH_COATED_OSMIUM,p3_seeded,regime_rule_search,high,205,0.006845426920893578,3,25,0.05441654134951905,0.058898847631241986,0.05074919984629119
66,INTARIAN_PEPPER_ROOT,p3_seeded,timestamp_window_search,high,3,0.00010015691249624411,3,25,0.0540534793047623,0.055045871559633024,0.05324152200532262
299,ASH_COATED_OSMIUM,p3_seeded,regime_rule_search,high,187,0.0062443650449126795,3,25,0.05345865432410969,0.0636604774535809,0.0451117081272696
158,ASH_COATED_OSMIUM,p3_seeded,timestamp_window_search,high,11,0.0003673155908772164,3,25,0.05345333022225226,0.09090909090909091,0.022807707842111544
311,ASH_COATED_OSMIUM,p3_seeded,regime_rule_search,high,193,0.0064447190035729785,3,25,0.0527118238058748,0.06266318537859007,0.04456980070092595
432,INTARIAN_PEPPER_ROOT,drift_search,timestamp_window_search,medium,1,3.338563749874804e-05,1,25,0.052632275469694456,0.2857142857142857,-0.13807118745769836
315,ASH_COATED_OSMIUM,p3_seeded,regime_rule_search,high,205,0.006845426920893578,3,25,0.05198434753263359,0.05492424242424242,0.04957897898495364
543,ASH_COATED_OSMIUM,drift_search,regime_rule_search,medium,12,0.0004007079173205997,3,25,0.051650456609104,0.08695652173913045,0.02276367604817328
235,ASH_COATED_OSMIUM,p3_seeded,timestamp_window_search,high,7,0.00023374628510368318,3,25,0.05133285581868642,0.05454545454545455,0.04870436595133068
236,ASH_COATED_OSMIUM,p3_seeded,timestamp_window_search,high,7,0.00023374628510368318,3,25,0.05133285581868642,0.05454545454545455,0.04870436595133068
112,INTARIAN_PEPPER_ROOT,p3_seeded,timestamp_window_search,high,5,0.0001669281874937402,3,25,0.051332855818686414,0.054545454545454536,0.04870436595133067
282,ASH_COATED_OSMIUM,p3_seeded,regime_rule_search,high,201,0.006711857615120045,3,25,0.05116247100990386,0.05594405594405595,0.0472502651546885
300,ASH_COATED_OSMIUM,p3_seeded,regime_rule_search,high,208,0.006945603900223729,3,25,0.050844864614306776,0.055671537926235214,0.04689576826818351
111,INTARIAN_PEPPER_ROOT,p3_seeded,timestamp_window_search,high,5,0.0001669281874937402,3,25,0.0507629541655167,0.054545454545454536,0.04766818112738573
15,INTARIAN_PEPPER_ROOT,p3_seeded,timestamp_window_search,high,3,0.00010015691249624411,3,25,0.05062904260788658,0.05357142857142857,0.048221635910443136
351,INTARIAN_PEPPER_ROOT,no_prior,timestamp_window_search,medium,3,0.00010015691249624411,3,25,0.05062904260788658,0.05357142857142857,0.048221635910443136
317,ASH_COATED_OSMIUM,p3_seeded,regime_rule_search,high,205,0.006845426920893578,3,25,0.05002617797678274,0.05433376455368693,0.04650178895931567
16,INTARIAN_PEPPER_ROOT,p3_seeded,timestamp_window_search,high,6,0.00020031382499248823,3,25,0.04991125863144343,0.05217391304347826,0.04805999593068766
352,INTARIAN_PEPPER_ROOT,no_prior,timestamp_window_search,medium,6,0.00020031382499248823,3,25,0.04991125863144343,0.05217391304347826,0.04805999593068766
538,ASH_COATED_OSMIUM,drift_search,regime_rule_search,medium,19,0.0006344542024242829,3,25,0.049608168269993536,0.0625,0.0390603059454428
319,ASH_COATED_OSMIUM,p3_seeded,regime_rule_search,high,179,0.005977226433365613,3,25,0.049601104979188536,0.05385556915544676,0.046120179744068165
321,ASH_COATED_OSMIUM,p3_seeded,regime_rule_search,high,179,0.005977226433365613,3,25,0.049601104979188536,0.05385556915544676,0.046120179744068165
322,ASH_COATED_OSMIUM,p3_seeded,regime_rule_search,high,179,0.005977226433365613,3,25,0.049601104979188536,0.05385556915544676,0.046120179744068165
492,INTARIAN_PEPPER_ROOT,drift_search,regime_rule_search,medium,14,0.00046739892498247256,2,25,0.048375617964314235,0.08571428571428572,0.017825798896155744
528,ASH_COATED_OSMIUM,no_prior,regime_rule_search,medium,212,0.007079173205997262,3,25,0.04773756450397666,0.048577376821651634,0.04705044533496987
126,INTARIAN_PEPPER_ROOT,p3_seeded,timestamp_window_search,high,3,0.00010015691249624411,3,25,0.046986569803384795,0.048,0.0461573996425178
191,ASH_COATED_OSMIUM,p3_seeded,timestamp_window_search,high,4,0.00013356930577353325,3,25,0.04621827604639846,0.07692307692307693,0.02109616623820698
169,ASH_COATED_OSMIUM,p3_seeded,timestamp_window_search,high,5,0.00016696163221691654,3,25,0.045580774877106704,0.08695652173913045,0.011727891080905467
170,ASH_COATED_OSMIUM,p3_seeded,timestamp_window_search,high,5,0.00016696163221691654,3,25,0.045580774877106704,0.08695652173913045,0.011727891080905467
294,ASH_COATED_OSMIUM,p3_seeded,regime_rule_search,high,187,0.0062443650449126795,3,25,0.04471730288737523,0.04594059405940594,0.043716428292077364
306,ASH_COATED_OSMIUM,p3_seeded,regime_rule_search,high,193,0.0064447190035729785,3,25,0.0445909049706757,0.045831687080205456,0.04357571960833317
318,ASH_COATED_OSMIUM,p3_seeded,regime_rule_search,high,179,0.005977226433365613,3,25,0.04399934758216369,0.04740327640292785,0.04121431491062938
323,ASH_COATED_OSMIUM,p3_seeded,regime_rule_search,high,179,0.005977226433365613,3,25,0.04393002107950776,0.04494382022471911,0.04310054905160756
343,ASH_COATED_OSMIUM,drift_search,timestamp_window_search,medium,1,3.339232644338331e-05,1,25,0.043917718196857865,0.15384615384615385,-0.046023729152566126
344,ASH_COATED_OSMIUM,drift_search,timestamp_window_search,medium,1,3.339232644338331e-05,1,25,0.043917718196857865,0.15384615384615385,-0.046023729152566126
90,ASH_COATED_OSMIUM,p3_seeded,timestamp_window_search,high,5,0.00016696163221691654,3,25,0.0437667362971704,0.05319148936170212,0.03605557469891717
384,ASH_COATED_OSMIUM,no_prior,timestamp_window_search,medium,5,0.00016696163221691654,3,25,0.0437667362971704,0.05319148936170212,0.03605557469891717
537,ASH_COATED_OSMIUM,drift_search,regime_rule_search,medium,19,0.0006344542024242829,3,25,0.04372307778687538,0.07272727272727272,0.01999237283564119
540,ASH_COATED_OSMIUM,drift_search,regime_rule_search,medium,12,0.0004007079173205997,3,25,0.043312887205155165,0.05333333333333334,0.035114340373009395
312,ASH_COATED_OSMIUM,p3_seeded,regime_rule_search,high,205,0.006845426920893578,3,25,0.04075595109899123,0.04179566563467492,0.03990527556979547
513,INTARIAN_PEPPER_ROOT,drift_search,regime_rule_search,medium,17,0.0005675558374787167,3,25,0.04015878593057803,0.041666666666666664,0.03892506532832368
164,ASH_COATED_OSMIUM,p3_seeded,timestamp_window_search,high,9,0.00030053093799044977,3,25,0.039876225405666196,0.06451612903225806,0.019716304256636487
179,ASH_COATED_OSMIUM,p3_seeded,timestamp_window_search,high,3,0.00010017697933014993,3,25,0.03739964246372339,0.04580152671755725,0.030525373528768406
173,ASH_COATED_OSMIUM,p3_seeded,timestamp_window_search,high,5,0.00016696163221691654,3,25,0.03702311342630947,0.04405286343612334,0.03127149978191629
221,ASH_COATED_OSMIUM,p3_seeded,timestamp_window_search,high,3,0.00010017697933014993,3,25,0.03613400397845887,0.03821656050955414,0.034430094089380914
347,ASH_COATED_OSMIUM,drift_search,timestamp_window_search,medium,1,3.339232644338331e-05,1,25,0.03481216937965319,0.1111111111111111,-0.027614237491539656
534,ASH_COATED_OSMIUM,drift_search,regime_rule_search,medium,19,0.0006344542024242829,3,25,0.03448304606494129,0.04,0.02996917466352962
341,ASH_COATED_OSMIUM,no_prior,timestamp_window_search,medium,4,0.00013356930577353325,3,25,0.03376669687304548,0.056338028169014086,0.015299243994525709
78,INTARIAN_PEPPER_ROOT,p3_seeded,timestamp_window_search,high,3,0.00010015691249624411,3,25,0.03323311333314646,0.054054054054054064,0.01619779819785843
227,ASH_COATED_OSMIUM,p3_seeded,timestamp_window_search,high,3,0.00010017697933014993,3,25,0.032641939941920405,0.03314917127071823,0.03222693249108581
33,INTARIAN_PEPPER_ROOT,p3_seeded,timestamp_window_search,high,3,0.00010015691249624411,3,25,0.03255338274411978,0.054054054054054064,0.014961924399628089
34,INTARIAN_PEPPER_ROOT,p3_seeded,timestamp_window_search,high,3,0.00010015691249624411,3,25,0.03255338274411978,0.054054054054054064,0.014961924399628089
369,INTARIAN_PEPPER_ROOT,no_prior,timestamp_window_search,medium,3,0.00010015691249624411,3,25,0.03255338274411978,0.054054054054054064,0.014961924399628089
370,INTARIAN_PEPPER_ROOT,no_prior,timestamp_window_search,medium,3,0.00010015691249624411,3,25,0.03255338274411978,0.054054054054054064,0.014961924399628089
129,INTARIAN_PEPPER_ROOT,p3_seeded,timestamp_window_search,high,3,0.00010015691249624411,3,25,0.03240804087296188,0.034482758620689655,0.030710544533911886
130,INTARIAN_PEPPER_ROOT,p3_seeded,timestamp_window_search,high,3,0.00010015691249624411,3,25,0.03240804087296188,0.034482758620689655,0.030710544533911886
171,ASH_COATED_OSMIUM,p3_seeded,timestamp_window_search,high,3,0.00010017697933014993,3,25,0.030558637497225243,0.05128205128205129,0.013603117127822119
30,INTARIAN_PEPPER_ROOT,p3_seeded,timestamp_window_search,high,3,0.00010015691249624411,3,25,0.03006843497642222,0.05,0.013760790866222214
366,INTARIAN_PEPPER_ROOT,no_prior,timestamp_window_search,medium,3,0.00010015691249624411,3,25,0.03006843497642222,0.05,0.013760790866222214
337,ASH_COATED_OSMIUM,no_prior,timestamp_window_search,medium,3,0.00010017697933014993,3,25,0.0299299920423539,0.05128205128205129,0.0124601253916924
172,ASH_COATED_OSMIUM,p3_seeded,timestamp_window_search,high,5,0.00016696163221691654,3,25,0.029814166411095407,0.05,0.013298484383809824
120,INTARIAN_PEPPER_ROOT,p3_seeded,timestamp_window_search,high,3,0.00010015691249624411,3,25,0.029784782413073224,0.030303030303030307,0.029360761412199246
338,ASH_COATED_OSMIUM,no_prior,timestamp_window_search,medium,4,0.00013356930577353325,3,25,0.029562960764636347,0.05063291139240507,0.012323910251007392
138,ASH_COATED_OSMIUM,p3_seeded,timestamp_window_search,high,3,0.00010017697933014993,3,25,0.02870405002613455,0.047619047619047616,0.01322814290466022
144,ASH_COATED_OSMIUM,p3_seeded,timestamp_window_search,high,3,0.00010017697933014993,3,25,0.02870405002613455,0.047619047619047616,0.01322814290466022
396,ASH_COATED_OSMIUM,no_prior,timestamp_window_search,medium,3,0.00010017697933014993,3,25,0.02870405002613455,0.047619047619047616,0.01322814290466022
408,ASH_COATED_OSMIUM,no_prior,timestamp_window_search,medium,3,0.00010017697933014993,3,25,0.02870405002613455,0.047619047619047616,0.01322814290466022
217,ASH_COATED_OSMIUM,p3_seeded,timestamp_window_search,high,3,0.00010017697933014993,3,25,0.026907638830634614,0.0273972602739726,0.026507039467903535
218,ASH_COATED_OSMIUM,p3_seeded,timestamp_window_search,high,3,0.00010017697933014993,3,25,0.026907638830634614,0.0273972602739726,0.026507039467903535
94,ASH_COATED_OSMIUM,p3_seeded,timestamp_window_search,high,8,0.0002671386115470665,3,25,0.025189546573276392,0.029498525073746316,0.021664018709255547
388,ASH_COATED_OSMIUM,no_prior,timestamp_window_search,medium,8,0.0002671386115470665,3,25,0.025189546573276392,0.029498525073746316,0.021664018709255547
141,ASH_COATED_OSMIUM,p3_seeded,timestamp_window_search,high,3,0.00010017697933014993,3,25,0.024775195813190175,0.04081632653061225,0.011650634317117565
142,ASH_COATED_OSMIUM,p3_seeded,timestamp_window_search,high,3,0.00010017697933014993,3,25,0.024775195813190175,0.04081632653061225,0.011650634317117565
147,ASH_COATED_OSMIUM,p3_seeded,timestamp_window_search,high,3,0.00010017697933014993,3,25,0.024775195813190175,0.04081632653061225,0.011650634317117565
148,ASH_COATED_OSMIUM,p3_seeded,timestamp_window_search,high,3,0.00010017697933014993,3,25,0.024775195813190175,0.04081632653061225,0.011650634317117565
399,ASH_COATED_OSMIUM,no_prior,timestamp_window_search,medium,3,0.00010017697933014993,3,25,0.024775195813190175,0.04081632653061225,0.011650634317117565
400,ASH_COATED_OSMIUM,no_prior,timestamp_window_search,medium,3,0.00010017697933014993,3,25,0.024775195813190175,0.04081632653061225,0.011650634317117565
411,ASH_COATED_OSMIUM,no_prior,timestamp_window_search,medium,3,0.00010017697933014993,3,25,0.024775195813190175,0.04081632653061225,0.011650634317117565
412,ASH_COATED_OSMIUM,no_prior,timestamp_window_search,medium,3,0.00010017697933014993,3,25,0.024775195813190175,0.04081632653061225,0.011650634317117565
185,ASH_COATED_OSMIUM,p3_seeded,timestamp_window_search,high,3,0.00010017697933014993,3,25,0.02469724467277494,0.02531645569620253,0.02419061747178873
215,ASH_COATED_OSMIUM,p3_seeded,timestamp_window_search,high,3,0.00010017697933014993,3,25,0.02469724467277494,0.02531645569620253,0.02419061747178873
123,INTARIAN_PEPPER_ROOT,p3_seeded,timestamp_window_search,high,3,0.00010015691249624411,3,25,0.02414809671465483,0.02531645569620253,0.02319216663884307
124,INTARIAN_PEPPER_ROOT,p3_seeded,timestamp_window_search,high,3,0.00010015691249624411,3,25,0.02414809671465483,0.02531645569620253,0.02319216663884307
197,ASH_COATED_OSMIUM,p3_seeded,timestamp_window_search,high,6,0.00020035395866029986,3,25,0.023703904216682996,0.03883495145631068,0.011323956475169431
87,INTARIAN_PEPPER_ROOT,p3_seeded,timestamp_window_search,high,3,0.00010015691249624411,3,25,0.0235947008171912,0.02459016393442623,0.0227802309939989
108,INTARIAN_PEPPER_ROOT,p3_seeded,timestamp_window_search,high,5,0.0001669281874937402,3,25,0.022770139902525254,0.03809523809523809,0.010231423199396572
7,ASH_COATED_OSMIUM,p3_seeded,timestamp_window_search,high,2,6.678465288676663e-05,2,25,0.02263839927906223,0.037037037037037035,0.010857695658901025
84,INTARIAN_PEPPER_ROOT,p3_seeded,timestamp_window_search,high,3,0.00010015691249624411,3,25,0.022560991645203466,0.03669724770642202,0.010994963958751922
168,ASH_COATED_OSMIUM,p3_seeded,timestamp_window_search,high,5,0.00016696163221691654,3,25,0.02252522913661236,0.037037037037037035,0.010651931763537622
8,ASH_COATED_OSMIUM,p3_seeded,timestamp_window_search,high,3,0.00010017697933014993,2,25,0.022371515143546114,0.03669724770642202,0.010650461228465823
11,ASH_COATED_OSMIUM,p3_seeded,timestamp_window_search,high,3,0.00010017697933014993,2,25,0.022371515143546114,0.03669724770642202,0.010650461228465823
219,ASH_COATED_OSMIUM,p3_seeded,timestamp_window_search,high,3,0.00010017697933014993,3,25,0.02149012683154329,0.02222222222222222,0.020891139693715075
220,ASH_COATED_OSMIUM,p3_seeded,timestamp_window_search,high,3,0.00010017697933014993,3,25,0.02149012683154329,0.02222222222222222,0.020891139693715075
155,ASH_COATED_OSMIUM,p3_seeded,timestamp_window_search,high,3,0.00010017697933014993,3,25,0.021365500478812468,0.03773584905660377,0.007971578915165037
425,ASH_COATED_OSMIUM,no_prior,timestamp_window_search,medium,3,0.00010017697933014993,3,25,0.021365500478812468,0.03773584905660377,0.007971578915165037
495,INTARIAN_PEPPER_ROOT,drift_search,regime_rule_search,medium,14,0.00046739892498247256,2,25,0.01996778587745257,0.03614457831325301,0.006732228429979482
165,ASH_COATED_OSMIUM,p3_seeded,timestamp_window_search,high,7,0.00023374628510368318,3,25,0.019226742906600158,0.030769230769230774,0.009782889200811471
93,ASH_COATED_OSMIUM,p3_seeded,timestamp_window_search,high,3,0.00010017697933014993,3,25,0.019077292393139045,0.020066889632107024,0.018267621924892515
387,ASH_COATED_OSMIUM,no_prior,timestamp_window_search,medium,3,0.00010017697933014993,3,25,0.019077292393139045,0.020066889632107024,0.018267621924892515
82,INTARIAN_PEPPER_ROOT,p3_seeded,timestamp_window_search,high,3,0.00010015691249624411,3,25,0.018607745545859426,0.01923076923076923,0.018097998894569586
81,INTARIAN_PEPPER_ROOT,p3_seeded,timestamp_window_search,high,6,0.00020031382499248823,3,25,0.0184359233453611,0.019047619047619046,0.017935445043513694
203,ASH_COATED_OSMIUM,p3_seeded,timestamp_window_search,high,3,0.00010017697933014993,3,25,0.018305201810182182,0.028776978417266192,0.009737384586204354
163,ASH_COATED_OSMIUM,p3_seeded,timestamp_window_search,high,3,0.00010017697933014993,3,25,0.017685549086777705,0.018237082066869303,0.017234294830339118
175,ASH_COATED_OSMIUM,p3_seeded,timestamp_window_search,high,3,0.00010017697933014993,3,25,0.016392547085647025,0.016997167138810197,0.015897857951240792
176,ASH_COATED_OSMIUM,p3_seeded,timestamp_window_search,high,3,0.00010017697933014993,3,25,0.016392547085647025,0.016997167138810197,0.015897857951240792
181,ASH_COATED_OSMIUM,p3_seeded,timestamp_window_search,high,3,0.00010017697933014993,3,25,0.016392547085647025,0.016997167138810197,0.015897857951240792
182,ASH_COATED_OSMIUM,p3_seeded,timestamp_window_search,high,3,0.00010017697933014993,3,25,0.016392547085647025,0.016997167138810197,0.015897857951240792
211,ASH_COATED_OSMIUM,p3_seeded,timestamp_window_search,high,3,0.00010017697933014993,3,25,0.016392547085647025,0.016997167138810197,0.015897857951240792
212,ASH_COATED_OSMIUM,p3_seeded,timestamp_window_search,high,3,0.00010017697933014993,3,25,0.016392547085647025,0.016997167138810197,0.015897857951240792
209,ASH_COATED_OSMIUM,p3_seeded,timestamp_window_search,high,3,0.00010017697933014993,3,25,0.01572433477956824,0.015873015873015872,0.015602686612201993
151,ASH_COATED_OSMIUM,p3_seeded,timestamp_window_search,high,3,0.00010017697933014993,3,25,0.015414804697775824,0.015584415584415583,0.015276032154161474
421,ASH_COATED_OSMIUM,no_prior,timestamp_window_search,medium,3,0.00010017697933014993,3,25,0.015414804697775824,0.015584415584415583,0.015276032154161474
152,ASH_COATED_OSMIUM,p3_seeded,timestamp_window_search,high,6,0.00020035395866029986,3,25,0.015296877160630917,0.015463917525773195,0.015160207770969051
422,ASH_COATED_OSMIUM,no_prior,timestamp_window_search,medium,6,0.00020035395866029986,3,25,0.015296877160630917,0.015463917525773195,0.015160207770969051
234,ASH_COATED_OSMIUM,p3_seeded,timestamp_window_search,high,7,0.00023374628510368318,3,25,0.01282958095963329,0.01327433628318584,0.012465690240363017
223,ASH_COATED_OSMIUM,p3_seeded,timestamp_window_search,high,3,0.00010017697933014993,3,25,0.012032888305572576,0.021857923497267763,0.003994223148731057
224,ASH_COATED_OSMIUM,p3_seeded,timestamp_window_search,high,3,0.00010017697933014993,3,25,0.012032888305572576,0.021857923497267763,0.003994223148731057
193,ASH_COATED_OSMIUM,p3_seeded,timestamp_window_search,high,6,0.00020035395866029986,3,25,0.011214830198525929,0.018099547511312215,0.005581879669882604
194,ASH_COATED_OSMIUM,p3_seeded,timestamp_window_search,high,6,0.00020035395866029986,3,25,0.011214830198525929,0.018099547511312215,0.005581879669882604
205,ASH_COATED_OSMIUM,p3_seeded,timestamp_window_search,high,3,0.00010017697933014993,3,25,0.011179793983452903,0.011320754716981133,0.01106446247420253
206,ASH_COATED_OSMIUM,p3_seeded,timestamp_window_search,high,3,0.00010017697933014993,3,25,0.011179793983452903,0.011320754716981133,0.01106446247420253
435,INTARIAN_PEPPER_ROOT,drift_search,timestamp_window_search,medium,1,3.338563749874804e-05,1,25,0.010805012144574995,0.046511627906976744,-0.018409491661026435
188,ASH_COATED_OSMIUM,p3_seeded,timestamp_window_search,high,4,0.00013356930577353325,3,25,0.010753243431311392,0.017543859649122806,0.0051972847076475065
166,ASH_COATED_OSMIUM,p3_seeded,timestamp_window_search,high,5,0.00016696163221691654,3,25,0.010592533499271164,0.01092896174863388,0.010317274022519848
174,ASH_COATED_OSMIUM,p3_seeded,timestamp_window_search,high,3,0.00010017697933014993,3,25,0.010297554867731006,0.017467248908296942,0.00443144156181342
237,ASH_COATED_OSMIUM,p3_seeded,timestamp_window_search,high,7,0.00023374628510368318,3,25,0.010108856364435186,0.010309278350515464,0.00994487473946041
187,ASH_COATED_OSMIUM,p3_seeded,timestamp_window_search,high,3,0.00010017697933014993,3,25,0.009782069664382588,0.009836065573770493,0.009737891193065212
199,ASH_COATED_OSMIUM,p3_seeded,timestamp_window_search,high,3,0.00010017697933014993,3,25,0.009782069664382588,0.009836065573770493,0.009737891193065212
200,ASH_COATED_OSMIUM,p3_seeded,timestamp_window_search,high,3,0.00010017697933014993,3,25,0.009782069664382588,0.009836065573770493,0.009737891193065212
225,ASH_COATED_OSMIUM,p3_seeded,timestamp_window_search,high,3,0.00010017697933014993,3,25,0.00808479590987295,0.013745704467353952,0.003453143453752132
226,ASH_COATED_OSMIUM,p3_seeded,timestamp_window_search,high,3,0.00010017697933014993,3,25,0.00808479590987295,0.013745704467353952,0.003453143453752132
238,ASH_COATED_OSMIUM,p3_seeded,timestamp_window_search,high,3,0.00010017697933014993,3,25,0.007677081633400171,0.0078125,0.007566284788000311
345,ASH_COATED_OSMIUM,drift_search,timestamp_window_search,medium,1,3.339232644338331e-05,1,25,0.007174272528949904,0.037037037037037035,-0.017258898432212295
346,ASH_COATED_OSMIUM,drift_search,timestamp_window_search,medium,1,3.339232644338331e-05,1,25,0.007174272528949904,0.037037037037037035,-0.017258898432212295
342,ASH_COATED_OSMIUM,drift_search,timestamp_window_search,medium,1,3.339232644338331e-05,1,25,0.006871242225919602,0.03636363636363636,-0.017258898432212295
216,ASH_COATED_OSMIUM,p3_seeded,timestamp_window_search,high,3,0.00010017697933014993,3,25,0.006836726743451272,0.0069848661233993005,0.006715521796221066
340,ASH_COATED_OSMIUM,no_prior,timestamp_window_search,medium,3,0.00010017697933014993,3,25,0.0065203585429145505,0.010638297872340425,0.0031511354552024706
339,ASH_COATED_OSMIUM,no_prior,timestamp_window_search,medium,4,0.00013356930577353325,3,25,0.006499317870473269,0.010610079575596816,0.003135967384463094
153,ASH_COATED_OSMIUM,p3_seeded,timestamp_window_search,high,3,0.00010017697933014993,3,25,0.006244047532512285,0.0062959076600209865,0.006201616519096075
423,ASH_COATED_OSMIUM,no_prior,timestamp_window_search,medium,3,0.00010017697933014993,3,25,0.006244047532512285,0.0062959076600209865,0.006201616519096075
154,ASH_COATED_OSMIUM,p3_seeded,timestamp_window_search,high,6,0.00020035395866029986,3,25,0.006224614599439113,0.006276150627615062,0.006182448758204244
424,ASH_COATED_OSMIUM,no_prior,timestamp_window_search,medium,6,0.00020035395866029986,3,25,0.006224614599439113,0.006276150627615062,0.006182448758204244
196,ASH_COATED_OSMIUM,p3_seeded,timestamp_window_search,high,6,0.00020035395866029986,3,25,0.005999007425053102,0.009732360097323601,0.002944446147740875
10,ASH_COATED_OSMIUM,p3_seeded,timestamp_window_search,high,2,6.678465288676663e-05,2,25,0.0059685572848908845,0.009779951100244499,0.0028501441632379273
9,ASH_COATED_OSMIUM,p3_seeded,timestamp_window_search,high,3,0.00010017697933014993,2,25,0.005951853761594315,0.00975609756097561,0.002839290653009619
336,ASH_COATED_OSMIUM,no_prior,timestamp_window_search,medium,3,0.00010017697933014993,3,25,0.005827095755065065,0.009389671361502348,0.0029122611679800146
160,ASH_COATED_OSMIUM,p3_seeded,timestamp_window_search,high,6,0.00020035395866029986,3,25,0.00580282025886692,0.00936768149882904,0.0028861156079888223
222,ASH_COATED_OSMIUM,p3_seeded,timestamp_window_search,high,3,0.00010017697933014993,3,25,0.005235413717425242,0.005381165919282511,0.005116161915905659
195,ASH_COATED_OSMIUM,p3_seeded,timestamp_window_search,high,3,0.00010017697933014993,3,25,0.004753043197037319,0.0048192771084337345,0.004698851814985705
183,ASH_COATED_OSMIUM,p3_seeded,timestamp_window_search,high,3,0.00010017697933014993,3,25,0.004529085294969381,0.00460122699386503,0.004470060268600212
184,ASH_COATED_OSMIUM,p3_seeded,timestamp_window_search,high,3,0.00010017697933014993,3,25,0.004529085294969381,0.00460122699386503,0.004470060268600212
213,ASH_COATED_OSMIUM,p3_seeded,timestamp_window_search,high,3,0.00010017697933014993,3,25,0.004529085294969381,0.00460122699386503,0.004470060268600212
214,ASH_COATED_OSMIUM,p3_seeded,timestamp_window_search,high,3,0.00010017697933014993,3,25,0.004529085294969381,0.00460122699386503,0.004470060268600212
192,ASH_COATED_OSMIUM,p3_seeded,timestamp_window_search,high,6,0.00020035395866029986,3,25,0.004527781179588247,0.00568585643212509,0.0035802650638762836
177,ASH_COATED_OSMIUM,p3_seeded,timestamp_window_search,high,3,0.00010017697933014993,3,25,0.00444502743151025,0.007352941176470587,0.0020658252765427014
178,ASH_COATED_OSMIUM,p3_seeded,timestamp_window_search,high,3,0.00010017697933014993,3,25,0.00444502743151025,0.007352941176470587,0.0020658252765427014
159,ASH_COATED_OSMIUM,p3_seeded,timestamp_window_search,high,8,0.0002671386115470665,3,25,0.0036498064407667072,0.004114017043784896,0.0032699977655700064
162,ASH_COATED_OSMIUM,p3_seeded,timestamp_window_search,high,3,0.00010017697933014993,3,25,0.003631885520003462,0.004285714285714286,0.003096934711694605
190,ASH_COATED_OSMIUM,p3_seeded,timestamp_window_search,high,4,0.00013356930577353325,3,25,0.003356419635069047,0.003403289846851957,0.0033180712799739387
198,ASH_COATED_OSMIUM,p3_seeded,timestamp_window_search,high,3,0.00010017697933014993,3,25,0.003050631079353311,0.003407155025553663,0.0027589296688257502
180,ASH_COATED_OSMIUM,p3_seeded,timestamp_window_search,high,3,0.00010017697933014993,3,25,0.0029821603403744593,0.0030303030303030303,0.0029427708667965373
186,ASH_COATED_OSMIUM,p3_seeded,timestamp_window_search,high,3,0.00010017697933014993,3,25,0.0029821603403744593,0.0030303030303030303,0.0029427708667965373
210,ASH_COATED_OSMIUM,p3_seeded,timestamp_window_search,high,3,0.00010017697933014993,3,25,0.0029821603403744593,0.0030303030303030303,0.0029427708667965373
156,ASH_COATED_OSMIUM,p3_seeded,timestamp_window_search,high,6,0.00020035395866029986,3,25,0.002717929132025147,0.0030852294639413806,0.0024174106786391376
204,ASH_COATED_OSMIUM,p3_seeded,timestamp_window_search,high,3,0.00010017697933014993,3,25,0.002478427505659915,0.0025010421008753642,0.0024599246550290927
207,ASH_COATED_OSMIUM,p3_seeded,timestamp_window_search,high,3,0.00010017697933014993,3,25,0.002478427505659915,0.0025010421008753642,0.0024599246550290927
208,ASH_COATED_OSMIUM,p3_seeded,timestamp_window_search,high,3,0.00010017697933014993,3,25,0.002478427505659915,0.0025010421008753642,0.0024599246550290927
453,INTARIAN_PEPPER_ROOT,drift_search,timestamp_window_search,medium,1,3.338563749874804e-05,1,25,0.0024603011823272286,0.011494252873563216,-0.004931113837774942
189,ASH_COATED_OSMIUM,p3_seeded,timestamp_window_search,high,3,0.00010017697933014993,3,25,0.0024095598981354973,0.0024252223120452706,0.0023967451958456826
6,ASH_COATED_OSMIUM,p3_seeded,timestamp_window_search,high,2,6.678465288676663e-05,2,25,0.002354245432461078,0.003846153846153846,0.0011335930939851769
150,ASH_COATED_OSMIUM,p3_seeded,timestamp_window_search,high,3,0.00010017697933014993,3,25,0.0022026833495874323,0.002227998514667657,0.0021819709417945205
420,ASH_COATED_OSMIUM,no_prior,timestamp_window_search,medium,3,0.00010017697933014993,3,25,0.0022026833495874323,0.002227998514667657,0.0021819709417945205
201,ASH_COATED_OSMIUM,p3_seeded,timestamp_window_search,high,3,0.00010017697933014993,3,25,0.0018563995462014316,0.0018598884066955983,0.0018535450239789313
202,ASH_COATED_OSMIUM,p3_seeded,timestamp_window_search,high,3,0.00010017697933014993,3,25,0.0018563995462014316,0.0018598884066955983,0.0018535450239789313
390,INTARIAN_PEPPER_ROOT,drift_search,timestamp_window_search,medium,0,0.0,0,0,,,
391,INTARIAN_PEPPER_ROOT,drift_search,timestamp_window_search,medium,0,0.0,0,0,,,
392,INTARIAN_PEPPER_ROOT,drift_search,timestamp_window_search,medium,0,0.0,0,0,,,
393,INTARIAN_PEPPER_ROOT,drift_search,timestamp_window_search,medium,0,0.0,0,0,,,
394,INTARIAN_PEPPER_ROOT,drift_search,timestamp_window_search,medium,0,0.0,0,0,,,
395,INTARIAN_PEPPER_ROOT,drift_search,timestamp_window_search,medium,0,0.0,0,0,,,
402,ASH_COATED_OSMIUM,drift_search,timestamp_window_search,medium,0,0.0,0,0,,,
403,ASH_COATED_OSMIUM,drift_search,timestamp_window_search,medium,0,0.0,0,0,,,
404,ASH_COATED_OSMIUM,drift_search,timestamp_window_search,medium,0,0.0,0,0,,,
405,ASH_COATED_OSMIUM,drift_search,timestamp_window_search,medium,0,0.0,0,0,,,
406,ASH_COATED_OSMIUM,drift_search,timestamp_window_search,medium,0,0.0,0,0,,,
407,ASH_COATED_OSMIUM,drift_search,timestamp_window_search,medium,0,0.0,0,0,,,
414,ASH_COATED_OSMIUM,drift_search,timestamp_window_search,medium,0,0.0,0,0,,,
415,ASH_COATED_OSMIUM,drift_search,timestamp_window_search,medium,0,0.0,0,0,,,
416,ASH_COATED_OSMIUM,drift_search,timestamp_window_search,medium,0,0.0,0,0,,,
417,ASH_COATED_OSMIUM,drift_search,timestamp_window_search,medium,0,0.0,0,0,,,
418,ASH_COATED_OSMIUM,drift_search,timestamp_window_search,medium,0,0.0,0,0,,,
419,ASH_COATED_OSMIUM,drift_search,timestamp_window_search,medium,0,0.0,0,0,,,
426,INTARIAN_PEPPER_ROOT,drift_search,timestamp_window_search,medium,0,0.0,0,0,,,
427,INTARIAN_PEPPER_ROOT,drift_search,timestamp_window_search,medium,0,0.0,0,0,,,
428,INTARIAN_PEPPER_ROOT,drift_search,timestamp_window_search,medium,0,0.0,0,0,,,
429,INTARIAN_PEPPER_ROOT,drift_search,timestamp_window_search,medium,0,0.0,0,0,,,
430,INTARIAN_PEPPER_ROOT,drift_search,timestamp_window_search,medium,0,0.0,0,0,,,
431,INTARIAN_PEPPER_ROOT,drift_search,timestamp_window_search,medium,0,0.0,0,0,,,
436,INTARIAN_PEPPER_ROOT,drift_search,timestamp_window_search,medium,0,0.0,0,0,,,
438,INTARIAN_PEPPER_ROOT,drift_search,timestamp_window_search,medium,0,0.0,0,0,,,
439,INTARIAN_PEPPER_ROOT,drift_search,timestamp_window_search,medium,0,0.0,0,0,,,
440,INTARIAN_PEPPER_ROOT,drift_search,timestamp_window_search,medium,0,0.0,0,0,,,
441,INTARIAN_PEPPER_ROOT,drift_search,timestamp_window_search,medium,0,0.0,0,0,,,
442,INTARIAN_PEPPER_ROOT,drift_search,timestamp_window_search,medium,0,0.0,0,0,,,
443,INTARIAN_PEPPER_ROOT,drift_search,timestamp_window_search,medium,0,0.0,0,0,,,
444,INTARIAN_PEPPER_ROOT,drift_search,timestamp_window_search,medium,0,0.0,0,0,,,
445,INTARIAN_PEPPER_ROOT,drift_search,timestamp_window_search,medium,0,0.0,0,0,,,
446,INTARIAN_PEPPER_ROOT,drift_search,timestamp_window_search,medium,0,0.0,0,0,,,
447,INTARIAN_PEPPER_ROOT,drift_search,timestamp_window_search,medium,0,0.0,0,0,,,
448,INTARIAN_PEPPER_ROOT,drift_search,timestamp_window_search,medium,0,0.0,0,0,,,
449,INTARIAN_PEPPER_ROOT,drift_search,timestamp_window_search,medium,0,0.0,0,0,,,
450,INTARIAN_PEPPER_ROOT,drift_search,timestamp_window_search,medium,0,0.0,0,0,,,
451,INTARIAN_PEPPER_ROOT,drift_search,timestamp_window_search,medium,0,0.0,0,0,,,
454,INTARIAN_PEPPER_ROOT,drift_search,timestamp_window_search,medium,0,0.0,0,0,,,
455,INTARIAN_PEPPER_ROOT,drift_search,timestamp_window_search,medium,0,0.0,0,0,,,
456,ASH_COATED_OSMIUM,drift_search,timestamp_window_search,medium,0,0.0,0,0,,,
457,ASH_COATED_OSMIUM,drift_search,timestamp_window_search,medium,0,0.0,0,0,,,
458,ASH_COATED_OSMIUM,drift_search,timestamp_window_search,medium,0,0.0,0,0,,,
459,ASH_COATED_OSMIUM,drift_search,timestamp_window_search,medium,0,0.0,0,0,,,
460,ASH_COATED_OSMIUM,drift_search,timestamp_window_search,medium,0,0.0,0,0,,,
461,ASH_COATED_OSMIUM,drift_search,timestamp_window_search,medium,0,0.0,0,0,,,
462,ASH_COATED_OSMIUM,drift_search,timestamp_window_search,medium,0,0.0,0,0,,,
463,ASH_COATED_OSMIUM,drift_search,timestamp_window_search,medium,0,0.0,0,0,,,
464,ASH_COATED_OSMIUM,drift_search,timestamp_window_search,medium,0,0.0,0,0,,,
465,ASH_COATED_OSMIUM,drift_search,timestamp_window_search,medium,0,0.0,0,0,,,
466,ASH_COATED_OSMIUM,drift_search,timestamp_window_search,medium,0,0.0,0,0,,,
467,ASH_COATED_OSMIUM,drift_search,timestamp_window_search,medium,0,0.0,0,0,,,
468,ASH_COATED_OSMIUM,drift_search,timestamp_window_search,medium,0,0.0,0,0,,,
469,ASH_COATED_OSMIUM,drift_search,timestamp_window_search,medium,0,0.0,0,0,,,
470,ASH_COATED_OSMIUM,drift_search,timestamp_window_search,medium,0,0.0,0,0,,,
471,ASH_COATED_OSMIUM,drift_search,timestamp_window_search,medium,0,0.0,0,0,,,
472,ASH_COATED_OSMIUM,drift_search,timestamp_window_search,medium,0,0.0,0,0,,,
473,ASH_COATED_OSMIUM,drift_search,timestamp_window_search,medium,0,0.0,0,0,,,
