run_id,product,final_pnl,min_pnl,max_pnl,last_mid,final_position,own_trade_count,buy_qty,avg_buy,sell_qty,avg_sell,net_qty,cash_pnl,first_ts,last_ts,non_submission_trade_count
425459,HYDROGEL_PACK,647.625,-26.33203125,1250.015625,9960.0,-13,18,28,9979.82142857143,41,9989.268292682927,-13,130125.0,10200,97600,2
425459,VELVETFRUIT_EXTRACT,1044.234375,-732.09375,1189.453125,5264.0,42,41,157,5259.490445859873,115,5266.895652173913,42,-220047.0,900,97400,18
425459,VEV_4000,0.0,0.0,0.0,1264.0,0,0,0,0.0,0,0.0,0,0.0,1300,98600,8
425459,VEV_4500,0.0,0.0,0.0,764.0,0,0,0,0.0,0,0.0,0,0.0,-1,-1,0
425459,VEV_5000,20.220703125,-147.4130859375,74.079833984375,267.0,6,8,11,263.6363636363636,5,263.4,6,-1583.0,1300,98600,0
425459,VEV_5100,-1741.29296875,-7420.17578125,1513.4375,176.0,300,27,300,181.78333333333333,0,0.0,300,-54535.0,400,6700,0
425459,VEV_5200,-326.73828125,-4749.673828125,2070.5390625,102.5,300,26,300,103.64333333333333,0,0.0,300,-31093.0,0,1200,0
425459,VEV_5300,4177.5830078125,-1892.400390625,4604.2998046875,50.0,-300,127,533,43.23639774859287,833,50.7358943577431,-300,19218.0,0,83800,3
425459,VEV_5400,935.2314453125,-253.6181640625,1600.7109375,16.0,300,28,301,13.0,1,18.0,300,-3895.0,13100,79300,9
425459,VEV_5500,444.791748046875,-47.0120849609375,754.147705078125,6.5,300,27,300,5.0,0,0.0,300,-1500.0,13100,79300,10
425459,VEV_6000,0.0,0.0,0.0,0.5,0,0,0,0.0,0,0.0,0,0.0,13100,79300,10
425459,VEV_6500,0.0,0.0,0.0,0.5,0,0,0,0.0,0,0.0,0,0.0,13100,79300,10
425459,XIRECS,0.0,0.0,0.0,0.0,-163310,0,0,0.0,0,0.0,0,0.0,-1,-1,0
426148,HYDROGEL_PACK,647.625,-26.33203125,1250.015625,9960.0,-13,18,28,9979.82142857143,41,9989.268292682927,-13,130125.0,10200,97600,2
426148,VELVETFRUIT_EXTRACT,1044.234375,-732.09375,1189.453125,5264.0,42,41,157,5259.490445859873,115,5266.895652173913,42,-220047.0,900,97400,18
426148,VEV_4000,0.0,0.0,0.0,1264.0,0,0,0,0.0,0,0.0,0,0.0,1300,98600,8
426148,VEV_4500,0.0,0.0,0.0,764.0,0,0,0,0.0,0,0.0,0,0.0,-1,-1,0
426148,VEV_5000,0.0,0.0,0.0,267.0,0,0,0,0.0,0,0.0,0,0.0,-1,-1,0
426148,VEV_5100,-0.041961669921875,-37.90118408203125,19.7283935546875,176.0,2,1,2,176.0,0,0.0,2,-352.0,23500,23500,0
426148,VEV_5200,-121.5791015625,-1595.8916015625,677.513671875,102.5,100,9,100,103.77,0,0.0,100,-10377.0,100,800,0
426148,VEV_5300,2997.0556640625,-1125.6005859375,3281.533203125,50.0,-200,89,326,42.895705521472394,526,51.346007604562736,-200,13024.0,0,84100,3
426148,VEV_5400,0.0,0.0,0.0,16.0,0,0,0,0.0,0,0.0,0,0.0,13100,79300,9
426148,VEV_5500,0.0,0.0,0.0,6.5,0,0,0,0.0,0,0.0,0,0.0,13100,79300,10
426148,VEV_6000,0.0,0.0,0.0,0.5,0,0,0,0.0,0,0.0,0,0.0,13100,79300,10
426148,VEV_6500,0.0,0.0,0.0,0.5,0,0,0,0.0,0,0.0,0,0.0,13100,79300,10
426148,XIRECS,0.0,0.0,0.0,0.0,-87627,0,0,0.0,0,0.0,0,0.0,-1,-1,0
427194,HYDROGEL_PACK,647.625,-26.33203125,1250.015625,9960.0,-13,18,28,9979.82142857143,41,9989.268292682927,-13,130125.0,10200,97600,2
427194,VELVETFRUIT_EXTRACT,1044.234375,-732.09375,1189.453125,5264.0,42,41,157,5259.490445859873,115,5266.895652173913,42,-220047.0,900,97400,18
427194,VEV_4000,0.0,0.0,0.0,1264.0,0,0,0,0.0,0,0.0,0,0.0,1300,98600,8
427194,VEV_4500,0.0,0.0,0.0,764.0,0,0,0,0.0,0,0.0,0,0.0,-1,-1,0
427194,VEV_5000,0.0,0.0,0.0,267.0,0,0,0,0.0,0,0.0,0,0.0,-1,-1,0
427194,VEV_5100,0.0,0.0,0.0,176.0,0,0,0,0.0,0,0.0,0,0.0,-1,-1,0
427194,VEV_5200,0.0,0.0,0.0,102.5,0,0,0,0.0,0,0.0,0,0.0,-1,-1,0
427194,VEV_5300,4297.126953125,-744.400390625,5709.9609375,50.0,283,87,600,45.153333333333336,317,54.261829652996845,283,-9891.0,2500,84700,3
427194,VEV_5400,1897.51806640625,-354.9580078125,2530.7109375,16.0,283,83,600,13.941666666666666,317,18.0,283,-2659.0,2500,84700,9
427194,VEV_5500,-155.208251953125,-664.1361083984375,199.17822265625,6.5,300,27,300,7.0,0,0.0,300,-2100.0,0,79300,10
427194,VEV_6000,0.0,0.0,0.0,0.5,0,0,0,0.0,0,0.0,0,0.0,13100,79300,10
427194,VEV_6500,0.0,0.0,0.0,0.5,0,0,0,0.0,0,0.0,0,0.0,13100,79300,10
427194,XIRECS,0.0,0.0,0.0,0.0,-104572,0,0,0.0,0,0.0,0,0.0,-1,-1,0
427678,HYDROGEL_PACK,647.625,-26.33203125,1250.015625,9960.0,-13,18,28,9979.82142857143,41,9989.268292682927,-13,130125.0,10200,97600,2
427678,VELVETFRUIT_EXTRACT,1044.234375,-732.09375,1189.453125,5264.0,42,41,157,5259.490445859873,115,5266.895652173913,42,-220047.0,900,97400,18
427678,VEV_4000,0.0,0.0,0.0,1264.0,0,0,0,0.0,0,0.0,0,0.0,1300,98600,8
427678,VEV_4500,0.0,0.0,0.0,764.0,0,0,0,0.0,0,0.0,0,0.0,-1,-1,0
427678,VEV_5000,0.0,0.0,0.0,267.0,0,0,0,0.0,0,0.0,0,0.0,-1,-1,0
427678,VEV_5100,0.0,0.0,0.0,176.0,0,0,0,0.0,0,0.0,0,0.0,-1,-1,0
427678,VEV_5200,0.0,0.0,0.0,102.5,0,0,0,0.0,0,0.0,0,0.0,-1,-1,0
427678,VEV_5300,2637.709716796875,-744.400390625,2813.3662109375,50.0,-17,61,300,45.70333333333333,317,54.261829652996845,-17,3490.0,2500,84700,3
427678,VEV_5400,1232.286865234375,-354.9580078125,1295.468017578125,16.0,-17,58,300,14.0,317,18.0,-17,1506.0,2500,84700,9
427678,VEV_5500,0.0,0.0,0.0,6.5,0,0,0,0.0,0,0.0,0,0.0,13100,79300,10
427678,VEV_6000,0.0,0.0,0.0,0.5,0,0,0,0.0,0,0.0,0,0.0,13100,79300,10
427678,VEV_6500,0.0,0.0,0.0,0.5,0,0,0,0.0,0,0.0,0,0.0,13100,79300,10
427678,XIRECS,0.0,0.0,0.0,0.0,-84926,0,0,0.0,0,0.0,0,0.0,-1,-1,0
429262,HYDROGEL_PACK,647.625,-26.33203125,1250.015625,9960.0,-13,18,28,9979.82142857143,41,9989.268292682927,-13,130125.0,10200,97600,2
429262,VELVETFRUIT_EXTRACT,1044.234375,-732.09375,1189.453125,5264.0,42,41,157,5259.490445859873,115,5266.895652173913,42,-220047.0,900,97400,18
429262,VEV_4000,0.0,0.0,0.0,1264.0,0,0,0,0.0,0,0.0,0,0.0,1300,98600,8
429262,VEV_4500,0.0,0.0,0.0,764.0,0,0,0,0.0,0,0.0,0,0.0,-1,-1,0
429262,VEV_5000,0.0,0.0,0.0,267.0,0,0,0,0.0,0,0.0,0,0.0,-1,-1,0
429262,VEV_5100,222.8671875,-638.271484375,471.8994140625,176.0,-89,9,0,0.0,89,178.48314606741573,-89,15885.0,2500,84700,0
429262,VEV_5200,593.158203125,-1005.02734375,3541.783203125,102.5,-200,20,0,0.0,200,105.52,-200,21104.0,2100,11500,0
429262,VEV_5300,132.5830078125,-1854.400390625,2760.56640625,50.0,-300,27,0,0.0,300,50.57666666666667,-300,15173.0,0,79300,3
429262,VEV_5400,455.7685546875,-468.9580078125,1694.013916015625,16.0,-300,28,0,0.0,300,17.62,-300,5286.0,2000,79300,9
429262,VEV_5500,103.47216796875,-103.5726318359375,442.7574462890625,6.5,-200,21,0,0.0,200,7.0,-200,1400.0,2500,79300,10
429262,VEV_6000,0.0,0.0,0.0,0.5,0,0,0,0.0,0,0.0,0,0.0,13100,79300,10
429262,VEV_6500,0.0,0.0,0.0,0.5,0,0,0,0.0,0,0.0,0,0.0,13100,79300,10
429262,XIRECS,0.0,0.0,0.0,0.0,-31074,0,0,0.0,0,0.0,0,0.0,-1,-1,0
430025,HYDROGEL_PACK,647.625,-26.33203125,1250.015625,9960.0,-13,18,28,9979.82142857143,41,9989.268292682927,-13,130125.0,10200,97600,2
430025,VELVETFRUIT_EXTRACT,1044.234375,-732.09375,1189.453125,5264.0,42,41,157,5259.490445859873,115,5266.895652173913,42,-220047.0,900,97400,18
430025,VEV_4000,0.0,0.0,0.0,1264.0,0,0,0,0.0,0,0.0,0,0.0,1300,98600,8
430025,VEV_4500,0.0,0.0,0.0,764.0,0,0,0,0.0,0,0.0,0,0.0,-1,-1,0
430025,VEV_5000,0.0,0.0,0.0,267.0,0,0,0,0.0,0,0.0,0,0.0,-1,-1,0
430025,VEV_5100,24.62939453125,-300.84375,592.517578125,176.0,-30,4,0,0.0,30,176.8,-30,5304.0,1700,2100,0
430025,VEV_5200,86.28955078125,-313.2568359375,823.44580078125,102.5,-50,6,0,0.0,50,104.28,-50,5214.0,2100,11400,0
430025,VEV_5300,4297.126953125,-744.400390625,5709.9609375,50.0,283,87,600,45.153333333333336,317,54.261829652996845,283,-9891.0,2500,84700,3
430025,VEV_5400,1897.51806640625,-354.9580078125,2530.7109375,16.0,283,83,600,13.941666666666666,317,18.0,283,-2659.0,2500,84700,9
430025,VEV_5500,0.0,0.0,0.0,6.5,0,0,0,0.0,0,0.0,0,0.0,13100,79300,10
430025,VEV_6000,0.0,0.0,0.0,0.5,0,0,0,0.0,0,0.0,0,0.0,13100,79300,10
430025,VEV_6500,0.0,0.0,0.0,0.5,0,0,0,0.0,0,0.0,0,0.0,13100,79300,10
430025,XIRECS,0.0,0.0,0.0,0.0,-91954,0,0,0.0,0,0.0,0,0.0,-1,-1,0
430350,HYDROGEL_PACK,647.625,-26.33203125,1250.015625,9960.0,-13,18,28,9979.82142857143,41,9989.268292682927,-13,130125.0,10200,97600,2
430350,VELVETFRUIT_EXTRACT,1044.234375,-732.09375,1189.453125,5264.0,42,41,157,5259.490445859873,115,5266.895652173913,42,-220047.0,900,97400,18
430350,VEV_4000,0.0,0.0,0.0,1264.0,0,0,0,0.0,0,0.0,0,0.0,1300,98600,8
430350,VEV_4500,0.0,0.0,0.0,764.0,0,0,0,0.0,0,0.0,0,0.0,-1,-1,0
430350,VEV_5000,0.0,0.0,0.0,267.0,0,0,0,0.0,0,0.0,0,0.0,-1,-1,0
430350,VEV_5100,24.62939453125,-300.84375,592.517578125,176.0,-30,4,0,0.0,30,176.8,-30,5304.0,1700,2100,0
430350,VEV_5200,86.28955078125,-313.2568359375,823.44580078125,102.5,-50,6,0,0.0,50,104.28,-50,5214.0,2100,11400,0
430350,VEV_5300,4297.126953125,-744.400390625,5709.9609375,50.0,283,87,600,45.153333333333336,317,54.261829652996845,283,-9891.0,2500,84700,3
430350,VEV_5400,1897.51806640625,-354.9580078125,2530.7109375,16.0,283,83,600,13.941666666666666,317,18.0,283,-2659.0,2500,84700,9
430350,VEV_5500,0.0,0.0,0.0,6.5,0,0,0,0.0,0,0.0,0,0.0,13100,79300,10
430350,VEV_6000,0.0,0.0,0.0,0.5,0,0,0,0.0,0,0.0,0,0.0,13100,79300,10
430350,VEV_6500,0.0,0.0,0.0,0.5,0,0,0,0.0,0,0.0,0,0.0,13100,79300,10
430350,XIRECS,0.0,0.0,0.0,0.0,-91954,0,0,0.0,0,0.0,0,0.0,-1,-1,0
